Day,Hour,Card,Start Index,Gap
1,1,1,10,
1,1,1,20,10
1,1,1,28,8
1,1,1,48,20
1,1,1,58,10
1,1,2,2,
1,1,2,4,2
1,1,2,27,23
1,1,2,44,17
1,1,2,59,15
1,1,3,2,
1,1,3,6,4
1,1,3,9,3
1,1,3,10,1
1,1,3,12,2
1,1,3,33,21
1,1,3,37,4
1,1,3,42,5
1,1,4,9,
1,1,4,26,17
1,1,4,29,3
1,1,4,38,9
1,1,4,56,18
1,1,5,1,
1,1,5,15,14
1,1,5,21,6
1,1,5,23,2
1,1,5,30,7
1,1,5,32,2
1,1,6,6,
1,1,6,14,8
1,1,6,24,10
1,1,6,50,26
1,1,7,2,
1,1,7,4,2
1,1,7,8,4
1,1,7,11,3
1,1,7,31,20
1,1,7,46,15
1,1,8,14,
1,1,8,37,23
1,1,8,52,15
1,1,8,57,5
1,1,9,24,
1,1,9,30,6
1,1,9,43,13
1,1,9,49,6
1,1,10,1,
1,1,10,16,15
1,1,10,19,3
1,1,10,31,12
1,1,10,35,4
1,1,10,38,3
1,1,10,41,3
1,1,10,44,3
1,1,10,47,3
1,1,11,26,
1,1,11,39,13
1,1,11,46,7
1,1,11,53,7
1,1,11,59,6
1,1,12,7,
1,1,12,23,16
1,1,12,40,17
1,1,12,55,15
1,1,13,15,
1,1,13,24,9
1,1,13,36,12
1,1,14,6,
1,1,14,8,2
1,1,14,48,40
1,1,15,4,
1,1,15,8,4
1,1,15,18,10
1,1,15,23,5
1,1,15,30,7
1,1,15,32,2
1,1,15,34,2
1,1,15,51,17
1,1,15,52,1
1,1,15,55,3
1,1,15,59,4
1,1,16,8,
1,1,16,11,3
1,1,16,20,9
1,1,16,21,1
1,1,16,23,2
1,1,16,36,13
1,2,1,4,
1,2,1,8,4
1,2,1,10,2
1,2,1,12,2
1,2,1,13,1
1,2,1,17,4
1,2,1,22,5
1,2,1,56,34
1,2,2,39,
1,2,2,49,10
1,2,2,52,3
1,2,3,13,
1,2,3,14,1
1,2,3,17,3
1,2,3,18,1
1,2,3,24,6
1,2,3,28,4
1,2,3,44,16
1,2,3,54,10
1,2,3,59,5
1,2,4,2,
1,2,4,9,7
1,2,4,18,9
1,2,4,41,23
1,2,5,18,
1,2,5,20,2
1,2,5,23,3
1,2,5,29,6
1,2,5,41,12
1,2,5,45,4
1,2,5,49,4
1,2,5,51,2
1,2,5,53,2
1,2,6,10,
1,2,6,26,16
1,2,6,27,1
1,2,6,30,3
1,2,6,31,1
1,2,6,52,21
1,2,6,53,1
1,2,6,59,6
1,2,7,1,
1,2,7,2,1
1,2,7,18,16
1,2,7,40,22
1,2,7,52,12
1,2,7,60,8
1,2,8,11,
1,2,8,16,5
1,2,8,22,6
1,2,8,33,11
1,2,8,42,9
1,2,8,49,7
1,2,8,58,9
1,2,9,27,
1,2,9,29,2
1,2,9,43,14
1,2,9,50,7
1,2,9,52,2
1,2,9,55,3
1,2,10,14,
1,2,10,26,12
1,2,10,40,14
1,2,11,1,
1,2,11,6,5
1,2,11,9,3
1,2,11,14,5
1,2,11,36,22
1,2,11,41,5
1,2,12,3,
1,2,12,11,8
1,2,12,19,8
1,2,12,39,20
1,2,12,42,3
1,2,12,43,1
1,2,12,58,15
1,2,13,7,
1,2,13,22,15
1,2,13,50,28
1,2,14,15,
1,2,14,20,5
1,2,14,27,7
1,2,14,32,5
1,2,14,47,15
1,2,14,57,10
1,2,15,15,
1,2,15,21,6
1,2,15,23,2
1,2,15,27,4
1,2,15,38,11
1,2,15,40,2
1,2,15,54,14
1,2,15,57,3
1,2,16,10,
1,2,16,15,5
1,2,16,24,9
1,2,16,29,5
1,2,16,33,4
1,2,16,48,15
1,2,16,50,2
1,3,1,11,
1,3,1,17,6
1,3,1,26,9
1,3,1,33,7
1,3,1,44,11
1,3,2,3,
1,3,2,4,1
1,3,2,15,11
1,3,2,42,27
1,3,2,54,12
1,3,2,58,4
1,3,3,15,
1,3,3,26,11
1,3,3,28,2
1,3,3,29,1
1,3,3,50,21
1,3,3,54,4
1,3,4,20,
1,3,4,23,3
1,3,4,25,2
1,3,4,33,8
1,3,4,35,2
1,3,4,38,3
1,3,5,3,
1,3,5,12,9
1,3,5,22,10
1,3,5,24,2
1,3,5,27,3
1,3,5,29,2
1,3,5,37,8
1,3,5,41,4
1,3,5,43,2
1,3,5,52,9
1,3,6,39,
1,3,7,4,
1,3,7,11,7
1,3,7,16,5
1,3,7,33,17
1,3,7,51,18
1,3,8,10,
1,3,8,47,37
1,3,8,52,5
1,3,8,56,4
1,3,8,59,3
1,3,9,4,
1,3,9,14,10
1,3,9,15,1
1,3,9,20,5
1,3,9,37,17
1,3,9,43,6
1,3,10,14,
1,3,10,15,1
1,3,10,35,20
1,3,10,36,1
1,3,10,48,12
1,3,11,12,
1,3,11,23,11
1,3,11,42,19
1,3,11,57,15
1,3,12,4,
1,3,12,9,5
1,3,12,17,8
1,3,12,20,3
1,3,12,21,1
1,3,12,40,19
1,3,12,53,13
1,3,13,2,
1,3,13,10,8
1,3,13,12,2
1,3,13,15,3
1,3,13,18,3
1,3,13,25,7
1,3,13,35,10
1,3,13,39,4
1,3,13,44,5
1,3,13,46,2
1,3,13,50,4
1,3,13,52,2
1,3,13,53,1
1,3,13,57,4
1,3,14,6,
1,3,14,7,1
1,3,14,17,10
1,3,14,19,2
1,3,14,34,15
1,3,14,55,21
1,3,14,57,2
1,3,15,3,
1,3,15,9,6
1,3,15,13,4
1,3,15,18,5
1,3,15,26,8
1,3,15,49,23
1,3,15,53,4
1,3,15,55,2
1,3,16,4,
1,3,16,36,32
1,3,16,44,8
1,3,16,47,3
1,3,16,49,2
1,3,16,55,6
1,4,1,18,
1,4,1,39,21
1,4,2,11,
1,4,2,37,26
1,4,2,38,1
1,4,2,56,18
1,4,3,27,
1,4,3,32,5
1,4,3,50,18
1,4,4,7,
1,4,4,18,11
1,4,4,31,13
1,4,4,32,1
1,4,4,39,7
1,4,4,41,2
1,4,4,46,5
1,4,4,51,5
1,4,5,19,
1,4,5,25,6
1,4,5,37,12
1,4,5,38,1
1,4,5,42,4
1,4,5,55,13
1,4,5,56,1
1,4,6,7,
1,4,6,30,23
1,4,6,32,2
1,4,6,41,9
1,4,6,42,1
1,4,6,45,3
1,4,6,47,2
1,4,6,50,3
1,4,6,60,10
1,4,7,5,
1,4,7,6,1
1,4,7,22,16
1,4,7,29,7
1,4,7,41,12
1,4,7,45,4
1,4,7,53,8
1,4,7,57,4
1,4,8,3,
1,4,8,7,4
1,4,8,10,3
1,4,8,17,7
1,4,8,26,9
1,4,8,48,22
1,4,8,58,10
1,4,9,11,
1,4,9,19,8
1,4,9,22,3
1,4,9,45,23
1,4,9,49,4
1,4,10,2,
1,4,10,10,8
1,4,10,17,7
1,4,10,23,6
1,4,10,24,1
1,4,10,29,5
1,4,10,58,29
1,4,11,16,
1,4,11,25,9
1,4,11,26,1
1,4,11,37,11
1,4,11,45,8
1,4,11,60,15
1,4,12,14,
1,4,12,19,5
1,4,12,31,12
1,4,12,49,18
1,4,12,59,10
1,4,13,1,
1,4,13,16,15
1,4,13,19,3
1,4,13,21,2
1,4,13,33,12
1,4,13,42,9
1,4,13,51,9
1,4,13,53,2
1,4,14,12,
1,4,14,15,3
1,4,14,16,1
1,4,14,35,19
1,4,14,39,4
1,4,14,41,2
1,4,14,58,17
1,4,15,2,
1,4,15,7,5
1,4,15,11,4
1,4,15,15,4
1,4,15,17,2
1,4,15,19,2
1,4,15,23,4
1,4,15,24,1
1,4,15,42,18
1,4,16,5,
1,4,16,10,5
1,4,16,21,11
1,4,16,52,31
2,1,1,38,
2,1,1,39,1
2,1,1,43,4
2,1,1,54,11
2,1,1,60,6
2,1,2,15,
2,1,2,25,10
2,1,2,28,3
2,1,2,29,1
2,1,2,32,3
2,1,2,34,2
2,1,2,47,13
2,1,2,55,8
2,1,2,57,2
2,1,3,23,
2,1,3,28,5
2,1,3,30,2
2,1,3,40,10
2,1,4,4,
2,1,4,19,15
2,1,4,33,14
2,1,4,46,13
2,1,4,55,9
2,1,5,1,
2,1,5,6,5
2,1,5,27,21
2,1,5,31,4
2,1,5,34,3
2,1,5,39,5
2,1,6,7,
2,1,6,15,8
2,1,6,59,44
2,1,7,1,
2,1,7,36,35
2,1,8,2,
2,1,8,21,19
2,1,8,26,5
2,1,8,51,25
2,1,8,60,9
2,1,9,18,
2,1,9,33,15
2,1,9,34,1
2,1,9,38,4
2,1,9,48,10
2,1,9,52,4
2,1,10,3,
2,1,10,27,24
2,1,10,37,10
2,1,10,51,14
2,1,10,54,3
2,1,10,60,6
2,1,11,14,
2,1,11,38,24
2,1,11,39,1
2,1,11,42,3
2,1,11,53,11
2,1,12,24,
2,1,12,32,8
2,1,12,43,11
2,1,12,55,12
2,1,13,25,
2,1,13,26,1
2,1,13,33,7
2,1,13,39,6
2,1,13,44,5
2,1,13,47,3
2,1,13,58,11
2,1,14,8,
2,1,14,18,10
2,1,14,30,12
2,1,14,38,8
2,1,14,40,2
2,1,14,41,1
2,1,14,49,8
2,1,15,9,
2,1,15,10,1
2,1,15,21,11
2,1,15,41,20
2,1,15,46,5
2,1,16,1,
2,1,16,19,18
2,1,16,26,7
2,1,16,35,9
2,2,1,1,
2,2,1,23,22
2,2,1,29,6
2,2,1,34,5
2,2,1,36,2
2,2,1,44,8
2,2,2,2,
2,2,2,3,1
2,2,2,14,11
2,2,2,26,12
2,2,2,28,2
2,2,2,42,14
2,2,2,47,5
2,2,2,59,12
2,2,3,14,
2,2,3,26,12
2,2,3,28,2
2,2,3,29,1
2,2,3,40,11
2,2,3,54,14
2,2,4,15,
2,2,4,20,5
2,2,4,23,3
2,2,4,25,2
2,2,4,28,3
2,2,4,55,27
2,2,4,56,1
2,2,4,58,2
2,2,4,60,2
2,2,5,17,
2,2,6,3,
2,2,6,9,6
2,2,6,16,7
2,2,6,30,14
2,2,6,31,1
2,2,6,32,1
2,2,6,34,2
2,2,6,42,8
2,2,6,49,7
2,2,7,1,
2,2,7,11,10
2,2,7,15,4
2,2,7,24,9
2,2,7,33,9
2,2,7,47,14
2,2,8,12,
2,2,8,38,26
2,2,8,46,8
2,2,8,47,1
2,2,8,49,2
2,2,8,52,3
2,2,9,3,
2,2,9,9,6
2,2,9,25,16
2,2,9,33,8
2,2,9,40,7
2,2,9,43,3
2,2,9,59,16
2,2,9,60,1
2,2,10,30,
2,2,11,30,
2,2,12,9,
2,2,12,38,29
2,2,13,15,
2,2,13,20,5
2,2,13,24,4
2,2,13,33,9
2,2,13,37,4
2,2,13,40,3
2,2,13,45,5
2,2,13,57,12
2,2,13,60,3
2,2,14,9,
2,2,14,10,1
2,2,14,13,3
2,2,14,35,22
2,2,14,55,20
2,2,15,41,
2,2,15,43,2
2,2,15,52,9
2,2,15,60,8
2,2,16,1,
2,2,16,9,8
2,2,16,15,6
2,2,16,28,13
2,2,16,38,10
2,2,16,50,12
2,3,1,3,
2,3,1,31,28
2,3,1,35,4
2,3,1,52,17
2,3,2,27,
2,3,2,35,8
2,3,2,55,20
2,3,3,1,
2,3,3,13,12
2,3,3,35,22
2,3,3,54,19
2,3,4,10,
2,3,4,22,12
2,3,4,36,14
2,3,4,38,2
2,3,4,51,13
2,3,4,59,8
2,3,5,16,
2,3,5,34,18
2,3,5,35,1
2,3,5,45,10
2,3,6,1,
2,3,6,12,11
2,3,6,41,29
2,3,7,26,
2,3,8,7,
2,3,8,8,1
2,3,8,10,2
2,3,8,11,1
2,3,8,27,16
2,3,8,32,5
2,3,8,36,4
2,3,8,46,10
2,3,8,57,11
2,3,9,1,
2,3,9,7,6
2,3,9,21,14
2,3,9,38,17
2,3,9,47,9
2,3,10,37,
2,3,10,54,17
2,3,11,1,
2,3,11,13,12
2,3,11,29,16
2,3,11,34,5
2,3,13,3,
2,3,13,13,10
2,3,13,21,8
2,3,13,38,17
2,3,13,41,3
2,3,13,51,10
2,3,13,58,7
2,3,14,5,
2,3,14,9,4
2,3,14,15,6
2,3,14,34,19
2,3,14,37,3
2,3,14,40,3
2,3,14,50,10
2,3,15,8,
2,3,15,31,23
2,3,15,45,14
2,3,15,46,1
2,3,15,49,3
2,3,15,53,4
2,3,16,8,
2,3,16,30,22
2,4,1,9,
2,4,1,38,29
2,4,1,41,3
2,4,1,60,19
2,4,2,3,
2,4,2,28,25
2,4,2,52,24
2,4,2,57,5
2,4,3,1,
2,4,3,6,5
2,4,3,13,7
2,4,3,25,12
2,4,3,26,1
2,4,3,31,5
2,4,3,52,21
2,4,3,59,7
2,4,4,8,
2,4,4,12,4
2,4,4,20,8
2,4,4,34,14
2,4,4,55,21
2,4,4,56,1
2,4,4,57,1
2,4,5,24,
2,4,5,25,1
2,4,5,29,4
2,4,6,10,
2,4,6,30,20
2,4,6,41,11
2,4,6,55,14
2,4,7,21,
2,4,7,36,15
2,4,7,49,13
2,4,7,60,11
2,4,8,8,
2,4,8,27,19
2,4,8,35,8
2,4,8,46,11
2,4,8,52,6
2,4,9,1,
2,4,9,16,15
2,4,9,20,4
2,4,9,22,2
2,4,9,31,9
2,4,9,37,6
2,4,9,45,8
2,4,9,48,3
2,4,9,49,1
2,4,10,1,
2,4,10,16,15
2,4,10,17,1
2,4,10,23,6
2,4,10,25,2
2,4,10,28,3
2,4,10,47,19
2,4,11,4,
2,4,11,13,9
2,4,11,16,3
2,4,11,26,10
2,4,11,28,2
2,4,11,39,11
2,4,12,5,
2,4,12,27,22
2,4,12,32,5
2,4,12,41,9
2,4,12,58,17
2,4,13,17,
2,4,13,19,2
2,4,13,59,40
2,4,14,53,
2,4,14,56,3
2,4,15,2,
2,4,15,13,11
2,4,15,18,5
2,4,15,22,4
2,4,15,31,9
2,4,15,36,5
2,4,15,48,12
2,4,15,52,4
2,4,16,11,
2,4,16,20,9
2,4,16,41,21
2,4,16,53,12
3,1,1,1,
3,1,1,18,17
3,1,1,33,15
3,1,1,39,6
3,1,1,43,4
3,1,1,47,4
3,1,1,60,13
3,1,2,3,
3,1,2,7,4
3,1,2,20,13
3,1,2,24,4
3,1,2,41,17
3,1,3,5,
3,1,3,6,1
3,1,3,18,12
3,1,3,21,3
3,1,3,28,7
3,1,3,44,16
3,1,3,45,1
3,1,3,52,7
3,1,3,59,7
3,1,4,3,
3,1,4,22,19
3,1,4,27,5
3,1,4,49,22
3,1,4,59,10
3,1,5,25,
3,1,5,29,4
3,1,5,46,17
3,1,5,51,5
3,1,5,52,1
3,1,5,60,8
3,1,6,9,
3,1,6,24,15
3,1,6,31,7
3,1,6,34,3
3,1,6,60,26
3,1,7,2,
3,1,7,8,6
3,1,7,9,1
3,1,7,10,1
3,1,7,25,15
3,1,7,37,12
3,1,7,42,5
3,1,7,50,8
3,1,8,8,
3,1,8,14,6
3,1,8,22,8
3,1,8,23,1
3,1,8,38,15
3,1,8,39,1
3,1,8,42,3
3,1,8,47,5
3,1,8,51,4
3,1,9,12,
3,1,9,16,4
3,1,9,33,17
3,1,9,43,10
3,1,9,47,4
3,1,9,48,1
3,1,9,59,11
3,1,10,40,
3,1,11,1,
3,1,11,11,10
3,1,11,29,18
3,1,11,48,19
3,1,11,51,3
3,1,11,52,1
3,1,11,53,1
3,1,11,57,4
3,1,12,3,
3,1,12,14,11
3,1,12,16,2
3,1,12,23,7
3,1,12,36,13
3,1,12,38,2
3,1,12,43,5
3,1,13,8,
3,1,13,15,7
3,1,13,16,1
3,1,13,29,13
3,1,13,41,12
3,1,13,42,1
3,1,13,58,16
3,1,14,10,
3,1,14,36,26
3,1,14,44,8
3,1,14,49,5
3,1,14,58,9
3,1,14,59,1
3,1,15,2,
3,1,15,6,4
3,1,15,15,9
3,1,15,16,1
3,1,15,27,11
3,1,15,33,6
3,1,15,41,8
3,1,15,46,5
3,1,15,51,5
3,1,16,1,
3,1,16,3,2
3,1,16,17,14
3,1,16,30,13
3,1,16,39,9
3,1,16,42,3
3,2,1,6,
3,2,1,8,2
3,2,1,19,11
3,2,1,38,19
3,2,1,52,14
3,2,2,18,
3,2,2,24,6
3,2,2,40,16
3,2,2,43,3
3,2,2,51,8
3,2,2,52,1
3,2,2,60,8
3,2,3,16,
3,2,3,17,1
3,2,3,18,1
3,2,3,20,2
3,2,3,21,1
3,2,3,29,8
3,2,3,30,1
3,2,4,3,
3,2,4,18,15
3,2,4,21,3
3,2,4,24,3
3,2,4,48,24
3,2,4,54,6
3,2,4,59,5
3,2,5,19,
3,2,5,24,5
3,2,5,35,11
3,2,5,36,1
3,2,5,56,20
3,2,6,2,
3,2,6,6,4
3,2,6,58,52
3,2,6,59,1
3,2,7,17,
3,2,7,19,2
3,2,7,32,13
3,2,7,43,11
3,2,8,7,
3,2,8,9,2
3,2,8,24,15
3,2,8,30,6
3,2,8,32,2
3,2,8,36,4
3,2,8,50,14
3,2,8,52,2
3,2,9,21,
3,2,9,46,25
3,2,9,55,9
3,2,9,58,3
3,2,9,60,2
3,2,10,7,
3,2,10,19,12
3,2,10,31,12
3,2,10,45,14
3,2,10,53,8
3,2,11,3,
3,2,11,15,12
3,2,11,34,19
3,2,11,36,2
3,2,11,49,13
3,2,11,50,1
3,2,11,56,6
3,2,11,59,3
3,2,12,7,
3,2,12,35,28
3,2,12,50,15
3,2,13,32,
3,2,13,54,22
3,2,13,58,4
3,2,14,10,
3,2,14,18,8
3,2,14,20,2
3,2,14,22,2
3,2,14,24,2
3,2,14,31,7
3,2,14,56,25
3,2,15,9,
3,2,15,15,6
3,2,15,18,3
3,2,15,31,13
3,2,15,35,4
3,2,15,59,24
3,2,15,60,1
3,2,16,18,
3,2,16,29,11
3,2,16,30,1
3,2,16,46,16
3,3,1,3,
3,3,1,17,14
3,3,1,28,11
3,3,1,47,19
3,3,1,59,12
3,3,2,6,
3,3,2,18,12
3,3,2,23,5
3,3,2,30,7
3,3,3,2,
3,3,3,6,4
3,3,3,29,23
3,3,3,32,3
3,3,3,46,14
3,3,3,55,9
3,3,4,13,
3,3,4,16,3
3,3,4,18,2
3,3,4,27,9
3,3,4,49,22
3,3,5,2,
3,3,5,13,11
3,3,5,35,22
3,3,5,38,3
3,3,5,42,4
3,3,5,43,1
3,3,5,56,13
3,3,6,4,
3,3,6,13,9
3,3,6,23,10
3,3,6,31,8
3,3,6,39,8
3,3,6,44,5
3,3,6,49,5
3,3,6,50,1
3,3,6,57,7
3,3,6,59,2
3,3,7,17,
3,3,7,18,1
3,3,7,31,13
3,3,7,35,4
3,3,7,44,9
3,3,8,1,
3,3,8,7,6
3,3,8,10,3
3,3,8,23,13
3,3,8,27,4
3,3,8,33,6
3,3,8,37,4
3,3,8,57,20
3,3,9,1,
3,3,9,19,18
3,3,9,27,8
3,3,9,40,13
3,3,10,1,
3,3,10,20,19
3,3,10,33,13
3,3,10,38,5
3,3,10,49,11
3,3,11,3,
3,3,11,9,6
3,3,11,30,21
3,3,11,35,5
3,3,11,53,18
3,3,12,2,
3,3,12,10,8
3,3,12,16,6
3,3,12,37,21
3,3,12,47,10
3,3,12,51,4
3,3,13,3,
3,3,13,17,14
3,3,13,21,4
3,3,14,5,
3,3,14,9,4
3,3,14,17,8
3,3,14,21,4
3,3,14,24,3
3,3,14,31,7
3,3,14,45,14
3,3,14,60,15
3,3,15,5,
3,3,15,27,22
3,3,15,30,3
3,3,15,55,25
3,3,16,2,
3,3,16,3,1
3,3,16,11,8
3,3,16,13,2
3,3,16,20,7
3,3,16,28,8
3,3,16,41,13
3,3,16,42,1
3,3,16,48,6
3,4,1,4,
3,4,1,23,19
3,4,1,35,12
3,4,1,49,14
3,4,1,54,5
3,4,2,30,
3,4,2,40,10
3,4,2,47,7
3,4,2,49,2
3,4,2,55,6
3,4,2,59,4
3,4,3,1,
3,4,3,4,3
3,4,3,8,4
3,4,3,16,8
3,4,3,18,2
3,4,3,25,7
3,4,3,27,2
3,4,3,28,1
3,4,3,50,22
3,4,4,4,
3,4,4,8,4
3,4,4,9,1
3,4,4,25,16
3,4,4,26,1
3,4,4,32,6
3,4,4,51,19
3,4,5,2,
3,4,5,5,3
3,4,5,11,6
3,4,5,12,1
3,4,5,16,4
3,4,5,19,3
3,4,5,30,11
3,4,5,34,4
3,4,5,49,15
3,4,5,50,1
3,4,6,8,
3,4,6,15,7
3,4,6,24,9
3,4,6,27,3
3,4,6,56,29
3,4,7,19,
3,4,7,27,8
3,4,7,53,26
3,4,8,11,
3,4,8,13,2
3,4,8,24,11
3,4,8,28,4
3,4,8,50,22
3,4,8,57,7
3,4,9,2,
3,4,9,31,29
3,4,9,37,6
3,4,10,1,
3,4,10,9,8
3,4,10,12,3
3,4,10,21,9
3,4,10,28,7
3,4,10,32,4
3,4,10,47,15
3,4,11,1,
3,4,11,6,5
3,4,11,41,35
3,4,11,48,7
3,4,11,53,5
3,4,11,54,1
3,4,11,55,1
3,4,11,56,1
3,4,12,1,
3,4,12,5,4
3,4,12,25,20
3,4,12,26,1
3,4,12,27,1
3,4,12,34,7
3,4,12,43,9
3,4,12,44,1
3,4,12,56,12
3,4,13,26,
3,4,13,30,4
3,4,13,31,1
3,4,13,33,2
3,4,13,50,17
3,4,13,51,1
3,4,13,55,4
3,4,14,26,
3,4,14,35,9
3,4,14,39,4
3,4,14,46,7
3,4,14,58,12
3,4,15,5,
3,4,15,28,23
3,4,15,57,29
3,4,16,22,
3,4,16,27,5
3,4,16,41,14
3,4,16,58,17
4,1,1,6,
4,1,1,20,14
4,1,1,30,10
4,1,1,39,9
4,1,1,43,4
4,1,1,46,3
4,1,1,53,7
4,1,2,1,
4,1,2,5,4
4,1,2,13,8
4,1,2,14,1
4,1,2,20,6
4,1,3,37,
4,1,3,38,1
4,1,4,17,
4,1,4,21,4
4,1,4,26,5
4,1,4,38,12
4,1,4,41,3
4,1,5,1,
4,1,5,11,10
4,1,5,36,25
4,1,6,16,
4,1,6,24,8
4,1,6,38,14
4,1,6,48,10
4,1,6,60,12
4,1,7,17,
4,1,7,18,1
4,1,7,25,7
4,1,7,30,5
4,1,7,37,7
4,1,7,55,18
4,1,8,14,
4,1,8,22,8
4,1,8,25,3
4,1,8,35,10
4,1,8,36,1
4,1,8,52,16
4,1,8,56,4
4,1,9,6,
4,1,9,18,12
4,1,9,26,8
4,1,9,28,2
4,1,9,46,18
4,1,9,58,12
4,1,10,1,
4,1,10,2,1
4,1,10,5,3
4,1,10,15,10
4,1,10,24,9
4,1,10,38,14
4,1,10,55,17
4,1,11,11,
4,1,11,15,4
4,1,11,24,9
4,1,11,48,24
4,1,11,60,12
4,1,12,5,
4,1,12,14,9
4,1,12,22,8
4,1,12,23,1
4,1,12,38,15
4,1,12,47,9
4,1,12,48,1
4,1,13,30,
4,1,13,39,9
4,1,13,41,2
4,1,13,42,1
4,1,14,3,
4,1,14,6,3
4,1,14,12,6
4,1,14,34,22
4,1,14,39,5
4,1,15,12,
4,1,15,31,19
4,1,15,32,1
4,1,15,34,2
4,1,15,37,3
4,1,15,44,7
4,1,15,49,5
4,1,16,9,
4,1,16,13,4
4,1,16,14,1
4,1,16,30,16
4,2,1,13,
4,2,1,29,16
4,2,1,33,4
4,2,1,34,1
4,2,2,1,
4,2,2,12,11
4,2,2,14,2
4,2,2,15,1
4,2,2,18,3
4,2,2,23,5
4,2,2,24,1
4,2,2,33,9
4,2,2,35,2
4,2,2,51,16
4,2,2,55,4
4,2,3,43,
4,2,3,45,2
4,2,3,55,10
4,2,3,58,3
4,2,4,25,
4,2,4,32,7
4,2,4,41,9
4,2,4,59,18
4,2,5,1,
4,2,5,16,15
4,2,5,23,7
4,2,5,25,2
4,2,5,50,25
4,2,5,60,10
4,2,6,14,
4,2,6,28,14
4,2,6,39,11
4,2,6,41,2
4,2,7,11,
4,2,7,15,4
4,2,7,30,15
4,2,7,41,11
4,2,7,51,10
4,2,8,15,
4,2,8,16,1
4,2,8,32,16
4,2,8,39,7
4,2,8,49,10
4,2,8,59,10
4,2,9,8,
4,2,9,14,6
4,2,9,15,1
4,2,9,34,19
4,2,9,55,21
4,2,9,59,4
4,2,10,1,
4,2,10,4,3
4,2,10,7,3
4,2,10,28,21
4,2,10,32,4
4,2,10,37,5
4,2,11,1,
4,2,11,13,12
4,2,11,44,31
4,2,11,46,2
4,2,12,12,
4,2,12,20,8
4,2,12,22,2
4,2,12,44,22
4,2,12,54,10
4,2,13,8,
4,2,13,13,5
4,2,13,28,15
4,2,13,36,8
4,2,13,52,16
4,2,14,2,
4,2,14,27,25
4,2,14,37,10
4,2,14,53,16
4,2,15,18,
4,2,15,25,7
4,2,15,28,3
4,2,15,46,18
4,2,15,47,1
4,2,15,49,2
4,2,15,59,10
4,2,15,60,1
4,2,16,10,
4,2,16,25,15
4,2,16,27,2
4,2,16,33,6
4,2,16,35,2
4,2,16,53,18
4,3,1,18,
4,3,1,36,18
4,3,1,43,7
4,3,1,46,3
4,3,1,52,6
4,3,1,53,1
4,3,2,57,
4,3,3,15,
4,3,3,18,3
4,3,3,31,13
4,3,3,58,27
4,3,3,60,2
4,3,4,1,
4,3,4,40,39
4,3,5,11,
4,3,5,16,5
4,3,5,24,8
4,3,5,43,19
4,3,5,53,10
4,3,6,2,
4,3,6,26,24
4,3,6,35,9
4,3,6,42,7
4,3,6,45,3
4,3,7,1,
4,3,7,2,1
4,3,7,15,13
4,3,7,22,7
4,3,7,25,3
4,3,7,43,18
4,3,8,6,
4,3,8,16,10
4,3,8,36,20
4,3,8,48,12
4,3,9,1,
4,3,9,2,1
4,3,9,9,7
4,3,9,31,22
4,3,9,34,3
4,3,9,39,5
4,3,9,44,5
4,3,9,46,2
4,3,9,55,9
4,3,10,3,
4,3,10,27,24
4,3,10,60,33
4,3,11,8,
4,3,11,9,1
4,3,11,11,2
4,3,11,14,3
4,3,11,21,7
4,3,11,41,20
4,3,12,4,
4,3,12,8,4
4,3,12,29,21
4,3,12,45,16
4,3,12,50,5
4,3,12,57,7
4,3,13,35,
4,3,13,40,5
4,3,13,43,3
4,3,14,7,
4,3,14,43,36
4,3,15,3,
4,3,15,14,11
4,3,15,18,4
4,3,15,32,14
4,3,15,45,13
4,3,15,48,3
4,3,15,50,2
4,3,15,56,6
4,3,15,57,1
4,3,15,60,3
4,3,16,5,
4,3,16,6,1
4,3,16,38,32
4,3,16,46,8
4,3,16,50,4
4,4,1,8,
4,4,1,29,21
4,4,1,43,14
4,4,1,54,11
4,4,1,56,2
4,4,2,3,
4,4,2,30,27
4,4,2,31,1
4,4,2,45,14
4,4,2,58,13
4,4,3,7,
4,4,3,33,26
4,4,3,43,10
4,4,3,51,8
4,4,4,25,
4,4,4,28,3
4,4,4,32,4
4,4,4,39,7
4,4,4,54,15
4,4,4,59,5
4,4,5,7,
4,4,5,16,9
4,4,5,17,1
4,4,5,24,7
4,4,5,38,14
4,4,5,48,10
4,4,6,2,
4,4,6,4,2
4,4,6,14,10
4,4,6,17,3
4,4,6,21,4
4,4,6,24,3
4,4,6,28,4
4,4,6,51,23
4,4,6,59,8
4,4,7,6,
4,4,7,22,16
4,4,7,26,4
4,4,7,28,2
4,4,7,44,16
4,4,7,49,5
4,4,8,15,
4,4,8,26,11
4,4,8,28,2
4,4,8,38,10
4,4,8,54,16
4,4,8,60,6
4,4,9,1,
4,4,9,5,4
4,4,9,9,4
4,4,9,52,43
4,4,10,5,
4,4,10,15,10
4,4,10,23,8
4,4,10,26,3
4,4,10,31,5
4,4,10,43,12
4,4,10,56,13
4,4,11,22,
4,4,11,52,30
4,4,11,60,8
4,4,12,2,
4,4,12,13,11
4,4,12,20,7
4,4,12,41,21
4,4,12,46,5
4,4,12,60,14
4,4,13,11,
4,4,13,15,4
4,4,13,29,14
4,4,13,54,25
4,4,13,57,3
4,4,14,29,
4,4,14,44,15
4,4,14,49,5
4,4,15,12,
4,4,15,33,21
4,4,15,38,5
4,4,15,56,18
4,4,15,58,2
4,4,16,3,
4,4,16,12,9
4,4,16,18,6
4,4,16,21,3
4,4,16,22,1
4,4,16,36,14
4,4,16,44,8
4,4,16,50,6
4,4,16,53,3
4,4,16,54,1
4,4,16,58,4
5,1,1,21,
5,1,1,25,4
5,1,1,29,4
5,1,1,33,4
5,1,1,43,10
5,1,1,46,3
5,1,1,55,9
5,1,2,2,
5,1,2,7,5
5,1,2,16,9
5,1,2,38,22
5,1,2,39,1
5,1,2,43,4
5,1,2,47,4
5,1,2,50,3
5,1,3,17,
5,1,3,22,5
5,1,3,23,1
5,1,3,26,3
5,1,3,36,10
5,1,3,37,1
5,1,3,40,3
5,1,4,41,
5,1,4,45,4
5,1,4,52,7
5,1,5,2,
5,1,5,10,8
5,1,5,25,15
5,1,5,43,18
5,1,5,45,2
5,1,6,3,
5,1,6,21,18
5,1,6,22,1
5,1,6,32,10
5,1,6,37,5
5,1,6,45,8
5,1,6,46,1
5,1,6,47,1
5,1,7,3,
5,1,7,6,3
5,1,7,8,2
5,1,7,25,17
5,1,8,12,
5,1,8,16,4
5,1,8,34,18
5,1,8,38,4
5,1,8,51,13
5,1,8,53,2
5,1,9,5,
5,1,9,8,3
5,1,9,13,5
5,1,9,14,1
5,1,9,41,27
5,1,9,53,12
5,1,9,56,3
5,1,10,30,
5,1,10,35,5
5,1,10,50,15
5,1,11,11,
5,1,11,15,4
5,1,11,25,10
5,1,11,29,4
5,1,11,39,10
5,1,11,48,9
5,1,12,2,
5,1,12,28,26
5,1,12,31,3
5,1,12,45,14
5,1,12,49,4
5,1,12,53,4
5,1,13,8,
5,1,13,33,25
5,1,13,43,10
5,1,14,19,
5,1,14,29,10
5,1,14,41,12
5,1,14,59,18
5,1,15,4,
5,1,15,8,4
5,1,15,18,10
5,1,15,26,8
5,1,15,29,3
5,1,15,59,30
5,1,16,6,
5,1,16,10,4
5,1,16,15,5
5,1,16,31,16
5,1,16,42,11
5,1,16,58,16
5,2,1,46,
5,2,2,9,
5,2,2,24,15
5,2,2,25,1
5,2,2,27,2
5,2,2,57,30
5,2,3,5,
5,2,3,32,27
5,2,3,39,7
5,2,3,44,5
5,2,3,46,2
5,2,3,49,3
5,2,4,5,
5,2,4,25,20
5,2,4,26,1
5,2,4,41,15
5,2,4,51,10
5,2,4,52,1
5,2,4,59,7
5,2,4,60,1
5,2,5,13,
5,2,5,16,3
5,2,5,30,14
5,2,5,45,15
5,2,5,47,2
5,2,5,51,4
5,2,5,58,7
5,2,6,16,
5,2,6,22,6
5,2,6,23,1
5,2,6,38,15
5,2,6,43,5
5,2,6,52,9
5,2,7,5,
5,2,7,9,4
5,2,7,38,29
5,2,7,41,3
5,2,8,14,
5,2,8,19,5
5,2,8,24,5
5,2,8,30,6
5,2,8,31,1
5,2,8,32,1
5,2,8,36,4
5,2,8,38,2
5,2,8,41,3
5,2,9,2,
5,2,9,6,4
5,2,9,13,7
5,2,9,37,24
5,2,9,39,2
5,2,9,51,12
5,2,9,54,3
5,2,9,58,4
5,2,10,9,
5,2,10,25,16
5,2,10,54,29
5,2,10,57,3
5,2,11,5,
5,2,11,10,5
5,2,11,24,14
5,2,11,32,8
5,2,11,40,8
5,2,11,51,11
5,2,11,56,5
5,2,12,4,
5,2,12,6,2
5,2,12,7,1
5,2,12,14,7
5,2,12,16,2
5,2,12,20,4
5,2,12,36,16
5,2,13,3,
5,2,13,10,7
5,2,13,13,3
5,2,13,21,8
5,2,13,28,7
5,2,13,39,11
5,2,13,44,5
5,2,13,49,5
5,2,13,54,5
5,2,14,7,
5,2,14,15,8
5,2,14,31,16
5,2,14,32,1
5,2,14,33,1
5,2,14,37,4
5,2,15,4,
5,2,15,53,49
5,2,16,3,
5,2,16,6,3
5,2,16,12,6
5,2,16,14,2
5,2,16,20,6
5,2,16,34,14
5,2,16,51,17
5,2,16,55,4
5,3,1,1,
5,3,1,29,28
5,3,1,31,2
5,3,2,10,
5,3,2,12,2
5,3,2,30,18
5,3,2,46,16
5,3,2,54,8
5,3,2,57,3
5,3,2,59,2
5,3,3,17,
5,3,3,27,10
5,3,3,34,7
5,3,4,8,
5,3,4,13,5
5,3,4,17,4
5,3,4,27,10
5,3,4,29,2
5,3,4,41,12
5,3,4,44,3
5,3,4,52,8
5,3,5,7,
5,3,5,52,45
5,3,5,56,4
5,3,6,3,
5,3,6,12,9
5,3,6,19,7
5,3,6,23,4
5,3,6,26,3
5,3,6,32,6
5,3,6,38,6
5,3,6,40,2
5,3,6,56,16
5,3,7,25,
5,3,7,26,1
5,3,7,28,2
5,3,7,32,4
5,3,7,33,1
5,3,7,37,4
5,3,7,40,3
5,3,7,47,7
5,3,7,55,8
5,3,7,60,5
5,3,8,50,
5,3,8,56,6
5,3,8,57,1
5,3,8,58,1
5,3,8,60,2
5,3,9,1,
5,3,9,18,17
5,3,9,52,34
5,3,10,10,
5,3,10,12,2
5,3,10,28,16
5,3,10,38,10
5,3,10,48,10
5,3,10,58,10
5,3,10,59,1
5,3,11,26,
5,3,11,30,4
5,3,11,39,9
5,3,11,49,10
5,3,12,3,
5,3,12,11,8
5,3,12,13,2
5,3,12,17,4
5,3,12,19,2
5,3,12,20,1
5,3,12,27,7
5,3,12,29,2
5,3,12,36,7
5,3,12,43,7
5,3,12,47,4
5,3,12,50,3
5,3,13,31,
5,3,13,33,2
5,3,13,35,2
5,3,13,39,4
5,3,13,51,12
5,3,14,3,
5,3,14,9,6
5,3,14,15,6
5,3,14,30,15
5,3,14,31,1
5,3,14,44,13
5,3,14,51,7
5,3,14,52,1
5,3,15,10,
5,3,15,12,2
5,3,15,16,4
5,3,15,21,5
5,3,15,26,5
5,3,15,27,1
5,3,15,36,9
5,3,15,43,7
5,3,15,45,2
5,3,15,53,8
5,3,16,15,
5,3,16,23,8
5,3,16,51,28
5,3,16,55,4
5,4,1,2,
5,4,1,6,4
5,4,1,24,18
5,4,1,28,4
5,4,1,31,3
5,4,1,37,6
5,4,1,44,7
5,4,1,52,8
5,4,1,57,5
5,4,1,60,3
5,4,2,1,
5,4,2,3,2
5,4,2,5,2
5,4,2,29,24
5,4,2,43,14
5,4,2,44,1
5,4,3,28,
5,4,3,35,7
5,4,4,10,
5,4,4,11,1
5,4,4,17,6
5,4,4,31,14
5,4,4,36,5
5,4,4,43,7
5,4,4,44,1
5,4,4,58,14
5,4,5,21,
5,4,5,29,8
5,4,5,30,1
5,4,5,35,5
5,4,5,51,16
5,4,6,14,
5,4,6,19,5
5,4,6,48,29
5,4,6,50,2
5,4,6,60,10
5,4,7,7,
5,4,7,21,14
5,4,7,22,1
5,4,7,35,13
5,4,7,40,5
5,4,7,52,12
5,4,7,53,1
5,4,7,55,2
5,4,7,60,5
5,4,8,24,
5,4,8,27,3
5,4,8,33,6
5,4,8,41,8
5,4,8,44,3
5,4,8,45,1
5,4,8,48,3
5,4,8,49,1
5,4,8,55,6
5,4,8,56,1
5,4,9,6,
5,4,9,26,20
5,4,9,35,9
5,4,10,2,
5,4,10,14,12
5,4,10,33,19
5,4,10,53,20
5,4,10,55,2
5,4,11,8,
5,4,11,16,8
5,4,11,17,1
5,4,11,43,26
5,4,11,51,8
5,4,12,4,
5,4,12,9,5
5,4,12,18,9
5,4,12,20,2
5,4,12,25,5
5,4,12,26,1
5,4,12,40,14
5,4,12,45,5
5,4,13,13,
5,4,13,15,2
5,4,13,41,26
5,4,13,51,10
5,4,13,53,2
5,4,14,4,
5,4,14,9,5
5,4,14,10,1
5,4,14,35,25
5,4,14,38,3
5,4,14,49,11
5,4,15,8,
5,4,15,18,10
5,4,15,40,22
5,4,15,60,20
5,4,16,2,
5,4,16,5,3
5,4,16,22,17
5,4,16,24,2
5,4,16,26,2
5,4,16,27,1
5,4,16,30,3
5,4,16,31,1
5,4,16,39,8
5,4,16,43,4
5,4,16,47,4
6,1,1,17,
6,1,1,25,8
6,1,1,36,11
6,1,1,46,10
6,1,1,50,4
6,1,1,55,5
6,1,1,57,2
6,1,2,7,
6,1,2,30,23
6,1,2,45,15
6,1,3,6,
6,1,3,33,27
6,1,3,37,4
6,1,3,58,21
6,1,4,3,
6,1,4,24,21
6,1,4,25,1
6,1,4,40,15
6,1,4,42,2
6,1,4,43,1
6,1,4,45,2
6,1,4,57,12
6,1,5,16,
6,1,5,27,11
6,1,5,32,5
6,1,5,34,2
6,1,6,6,
6,1,6,12,6
6,1,6,28,16
6,1,6,48,20
6,1,6,51,3
6,1,6,56,5
6,1,7,12,
6,1,7,19,7
6,1,7,25,6
6,1,7,31,6
6,1,7,48,17
6,1,7,58,10
6,1,8,12,
6,1,8,16,4
6,1,8,20,4
6,1,8,28,8
6,1,8,34,6
6,1,8,49,15
6,1,8,56,7
6,1,9,4,
6,1,9,32,28
6,1,9,33,1
6,1,9,41,8
6,1,9,43,2
6,1,9,46,3
6,1,9,54,8
6,1,9,57,3
6,1,10,9,
6,1,10,32,23
6,1,10,36,4
6,1,10,37,1
6,1,10,44,7
6,1,10,50,6
6,1,10,53,3
6,1,10,58,5
6,1,11,8,
6,1,11,11,3
6,1,11,13,2
6,1,11,14,1
6,1,11,25,11
6,1,11,30,5
6,1,11,32,2
6,1,11,36,4
6,1,11,42,6
6,1,11,45,3
6,1,11,46,1
6,1,11,53,7
6,1,11,58,5
6,1,12,3,
6,1,12,9,6
6,1,12,22,13
6,1,12,23,1
6,1,12,32,9
6,1,12,34,2
6,1,12,45,11
6,1,12,46,1
6,1,12,48,2
6,1,13,11,
6,1,13,17,6
6,1,13,21,4
6,1,13,24,3
6,1,13,35,11
6,1,13,43,8
6,1,13,46,3
6,1,14,14,
6,1,14,30,16
6,1,14,31,1
6,1,14,41,10
6,1,14,51,10
6,1,14,54,3
6,1,14,55,1
6,1,15,9,
6,1,15,19,10
6,1,15,31,12
6,1,15,36,5
6,1,15,37,1
6,1,15,49,12
6,1,16,9,
6,1,16,25,16
6,1,16,52,27
6,1,16,57,5
6,2,1,4,
6,2,1,9,5
6,2,1,17,8
6,2,1,33,16
6,2,1,39,6
6,2,1,48,9
6,2,1,49,1
6,2,1,52,3
6,2,1,57,5
6,2,2,17,
6,2,2,32,15
6,2,2,43,11
6,2,2,44,1
6,2,2,50,6
6,2,2,53,3
6,2,3,4,
6,2,3,20,16
6,2,3,28,8
6,2,3,38,10
6,2,3,42,4
6,2,3,53,11
6,2,3,54,1
6,2,3,59,5
6,2,4,3,
6,2,4,14,11
6,2,4,21,7
6,2,4,29,8
6,2,4,43,14
6,2,4,56,13
6,2,4,58,2
6,2,5,27,
6,2,5,43,16
6,2,5,51,8
6,2,5,58,7
6,2,6,25,
6,2,6,26,1
6,2,6,30,4
6,2,6,32,2
6,2,6,42,10
6,2,6,46,4
6,2,6,51,5
6,2,6,60,9
6,2,7,4,
6,2,7,7,3
6,2,7,15,8
6,2,7,32,17
6,2,7,43,11
6,2,8,30,
6,2,8,34,4
6,2,8,40,6
6,2,8,45,5
6,2,9,3,
6,2,9,15,12
6,2,9,21,6
6,2,9,56,35
6,2,10,8,
6,2,10,10,2
6,2,10,44,34
6,2,10,52,8
6,2,10,55,3
6,2,11,17,
6,2,11,24,7
6,2,11,43,19
6,2,11,53,10
6,2,11,56,3
6,2,11,58,2
6,2,11,60,2
6,2,12,4,
6,2,12,5,1
6,2,12,8,3
6,2,12,11,3
6,2,12,12,1
6,2,12,36,24
6,2,12,47,11
6,2,12,51,4
6,2,13,5,
6,2,13,38,33
6,2,13,39,1
6,2,13,58,19
6,2,14,10,
6,2,14,27,17
6,2,14,40,13
6,2,14,48,8
6,2,14,54,6
6,2,15,1,
6,2,15,3,2
6,2,15,48,45
6,2,15,52,4
6,2,15,57,5
6,2,16,7,
6,2,16,9,2
6,2,16,28,19
6,2,16,29,1
6,2,16,33,4
6,2,16,42,9
6,2,16,47,5
6,2,16,50,3
6,3,1,10,
6,3,1,44,34
6,3,1,48,4
6,3,1,50,2
6,3,2,27,
6,3,2,36,9
6,3,2,39,3
6,3,2,44,5
6,3,2,46,2
6,3,3,4,
6,3,3,26,22
6,3,4,30,
6,3,4,36,6
6,3,4,39,3
6,3,4,42,3
6,3,4,47,5
6,3,5,42,
6,3,5,45,3
6,3,6,14,
6,3,6,15,1
6,3,6,16,1
6,3,6,22,6
6,3,6,30,8
6,3,6,56,26
6,3,7,3,
6,3,7,5,2
6,3,7,14,9
6,3,7,21,7
6,3,7,22,1
6,3,7,39,17
6,3,7,45,6
6,3,7,48,3
6,3,7,51,3
6,3,7,57,6
6,3,8,11,
6,3,8,26,15
6,3,8,52,26
6,3,8,54,2
6,3,8,58,4
6,3,9,13,
6,3,9,24,11
6,3,9,32,8
6,3,9,36,4
6,3,9,42,6
6,3,9,53,11
6,3,9,55,2
6,3,10,3,
6,3,10,9,6
6,3,10,35,26
6,3,10,42,7
6,3,10,50,8
6,3,11,2,
6,3,11,4,2
6,3,11,13,9
6,3,11,17,4
6,3,11,28,11
6,3,11,48,20
6,3,11,53,5
6,3,11,54,1
6,3,12,15,
6,3,12,22,7
6,3,12,29,7
6,3,12,31,2
6,3,13,22,
6,3,13,26,4
6,3,14,1,
6,3,14,5,4
6,3,14,14,9
6,3,14,45,31
6,3,14,50,5
6,3,15,1,
6,3,15,3,2
6,3,15,8,5
6,3,15,18,10
6,3,15,20,2
6,3,15,23,3
6,3,15,28,5
6,3,15,47,19
6,3,15,49,2
6,3,15,60,11
6,3,16,6,
6,3,16,16,10
6,3,16,21,5
6,3,16,26,5
6,3,16,36,10
6,3,16,46,10
6,3,16,47,1
6,3,16,50,3
6,4,1,21,
6,4,1,32,11
6,4,1,52,20
6,4,1,56,4
6,4,1,60,4
6,4,2,8,
6,4,2,21,13
6,4,2,23,2
6,4,2,27,4
6,4,2,32,5
6,4,2,40,8
6,4,2,44,4
6,4,2,59,15
6,4,3,4,
6,4,3,41,37
6,4,4,2,
6,4,4,7,5
6,4,4,17,10
6,4,4,24,7
6,4,4,42,18
6,4,4,51,9
6,4,5,5,
6,4,5,24,19
6,4,5,42,18
6,4,5,53,11
6,4,6,5,
6,4,6,10,5
6,4,6,12,2
6,4,6,13,1
6,4,6,15,2
6,4,6,19,4
6,4,6,24,5
6,4,6,58,34
6,4,7,8,
6,4,7,12,4
6,4,7,17,5
6,4,7,26,9
6,4,7,29,3
6,4,7,31,2
6,4,7,38,7
6,4,7,39,1
6,4,7,55,16
6,4,7,59,4
6,4,7,60,1
6,4,8,10,
6,4,8,13,3
6,4,8,19,6
6,4,8,28,9
6,4,8,33,5
6,4,8,38,5
6,4,8,47,9
6,4,8,51,4
6,4,9,2,
6,4,9,5,3
6,4,9,19,14
6,4,9,20,1
6,4,9,24,4
6,4,9,26,2
6,4,9,28,2
6,4,9,30,2
6,4,9,32,2
6,4,9,42,10
6,4,9,56,14
6,4,9,58,2
6,4,10,9,
6,4,10,26,17
6,4,10,29,3
6,4,10,30,1
6,4,10,37,7
6,4,10,48,11
6,4,11,4,
6,4,11,25,21
6,4,11,55,30
6,4,12,2,
6,4,12,6,4
6,4,12,10,4
6,4,12,11,1
6,4,12,14,3
6,4,12,17,3
6,4,12,25,8
6,4,12,30,5
6,4,12,44,14
6,4,12,45,1
6,4,12,55,10
6,4,13,15,
6,4,13,37,22
6,4,13,49,12
6,4,13,52,3
6,4,13,60,8
6,4,14,2,
6,4,14,3,1
6,4,14,11,8
6,4,14,31,20
6,4,15,10,
6,4,15,22,12
6,4,15,52,30
6,4,16,25,
6,4,16,26,1
6,4,16,37,11
6,4,16,39,2
7,1,1,5,
7,1,1,12,7
7,1,1,35,23
7,1,1,40,5
7,1,1,48,8
7,1,2,4,
7,1,2,22,18
7,1,2,32,10
7,1,2,49,17
7,1,2,60,11
7,1,3,10,
7,1,3,28,18
7,1,3,53,25
7,1,3,59,6
7,1,4,5,
7,1,4,11,6
7,1,4,20,9
7,1,4,22,2
7,1,4,43,21
7,1,4,45,2
7,1,5,7,
7,1,5,8,1
7,1,5,16,8
7,1,5,28,12
7,1,5,37,9
7,1,5,40,3
7,1,5,47,7
7,1,5,49,2
7,1,5,59,10
7,1,6,6,
7,1,6,15,9
7,1,6,34,19
7,1,6,45,11
7,1,6,48,3
7,1,7,32,
7,1,7,34,2
7,1,7,41,7
7,1,7,48,7
7,1,8,1,
7,1,8,20,19
7,1,8,22,2
7,1,8,41,19
7,1,8,45,4
7,1,8,53,8
7,1,9,2,
7,1,9,4,2
7,1,9,14,10
7,1,9,36,22
7,1,9,42,6
7,1,9,44,2
7,1,9,46,2
7,1,10,1,
7,1,10,5,4
7,1,10,22,17
7,1,10,33,11
7,1,10,39,6
7,1,10,46,7
7,1,10,51,5
7,1,11,4,
7,1,11,34,30
7,1,11,53,19
7,1,11,55,2
7,1,11,60,5
7,1,12,7,
7,1,12,47,40
7,1,13,16,
7,1,13,20,4
7,1,13,33,13
7,1,13,53,20
7,1,14,11,
7,1,14,12,1
7,1,14,13,1
7,1,14,19,6
7,1,14,26,7
7,1,14,35,9
7,1,14,46,11
7,1,15,24,
7,1,15,28,4
7,1,15,30,2
7,1,15,35,5
7,1,15,59,24
7,1,15,60,1
7,1,16,9,
7,1,16,12,3
7,1,16,21,9
7,1,16,43,22
7,1,16,48,5
7,2,1,6,
7,2,1,15,9
7,2,1,17,2
7,2,1,19,2
7,2,1,20,1
7,2,1,25,5
7,2,1,30,5
7,2,1,36,6
7,2,1,37,1
7,2,1,41,4
7,2,1,48,7
7,2,1,49,1
7,2,1,57,8
7,2,2,1,
7,2,2,17,16
7,2,2,23,6
7,2,2,36,13
7,2,2,37,1
7,2,2,54,17
7,2,3,3,
7,2,3,4,1
7,2,3,33,29
7,2,3,40,7
7,2,3,45,5
7,2,4,24,
7,2,4,42,18
7,2,5,1,
7,2,5,16,15
7,2,5,28,12
7,2,5,37,9
7,2,5,42,5
7,2,5,46,4
7,2,5,54,8
7,2,5,60,6
7,2,6,24,
7,2,6,45,21
7,2,6,60,15
7,2,7,1,
7,2,7,7,6
7,2,7,27,20
7,2,7,30,3
7,2,7,32,2
7,2,7,58,26
7,2,8,1,
7,2,8,30,29
7,2,8,50,20
7,2,8,56,6
7,2,9,4,
7,2,9,8,4
7,2,9,14,6
7,2,9,15,1
7,2,9,23,8
7,2,9,25,2
7,2,9,39,14
7,2,9,50,11
7,2,9,57,7
7,2,10,22,
7,2,10,59,37
7,2,11,8,
7,2,11,10,2
7,2,11,20,10
7,2,11,28,8
7,2,11,32,4
7,2,11,37,5
7,2,11,47,10
7,2,12,12,
7,2,12,13,1
7,2,12,20,7
7,2,12,31,11
7,2,12,44,13
7,2,12,47,3
7,2,12,51,4
7,2,13,2,
7,2,13,15,13
7,2,13,36,21
7,2,13,38,2
7,2,13,59,21
7,2,14,9,
7,2,14,42,33
7,2,14,43,1
7,2,15,7,
7,2,15,15,8
7,2,15,19,4
7,2,15,20,1
7,2,15,35,15
7,2,15,48,13
7,2,16,31,
7,2,16,43,12
7,2,16,56,13
7,3,1,9,
7,3,1,10,1
7,3,1,29,19
7,3,2,2,
7,3,2,25,23
7,3,2,26,1
7,3,3,3,
7,3,3,10,7
7,3,3,13,3
7,3,3,25,12
7,3,3,35,10
7,3,3,47,12
7,3,4,11,
7,3,4,15,4
7,3,4,41,26
7,3,4,45,4
7,3,5,2,
7,3,5,13,11
7,3,5,15,2
7,3,5,38,23
7,3,5,52,14
7,3,5,57,5
7,3,5,59,2
7,3,5,60,1
7,3,6,44,
7,3,7,1,
7,3,7,5,4
7,3,7,28,23
7,3,7,34,6
7,3,7,43,9
7,3,7,44,1
7,3,7,46,2
7,3,7,58,12
7,3,8,14,
7,3,8,15,1
7,3,8,23,8
7,3,8,42,19
7,3,9,1,
7,3,9,7,6
7,3,9,10,3
7,3,9,18,8
7,3,9,22,4
7,3,9,23,1
7,3,9,30,7
7,3,9,55,25
7,3,10,34,
7,3,10,59,25
7,3,11,1,
7,3,11,5,4
7,3,11,10,5
7,3,11,26,16
7,3,11,27,1
7,3,11,47,20
7,3,12,2,
7,3,12,5,3
7,3,12,9,4
7,3,12,23,14
7,3,12,29,6
7,3,12,39,10
7,3,12,51,12
7,3,13,1,
7,3,13,12,11
7,3,13,17,5
7,3,13,22,5
7,3,13,43,21
7,3,13,49,6
7,3,14,23,
7,3,14,35,12
7,3,14,57,22
7,3,15,5,
7,3,15,12,7
7,3,15,20,8
7,3,15,23,3
7,3,15,25,2
7,3,15,33,8
7,3,15,45,12
7,3,15,53,8
7,3,15,57,4
7,3,16,1,
7,3,16,4,3
7,3,16,12,8
7,3,16,15,3
7,3,16,21,6
7,3,16,41,20
7,3,16,45,4
7,3,16,54,9
7,3,16,60,6
7,4,1,11,
7,4,1,53,42
7,4,2,13,
7,4,2,15,2
7,4,2,46,31
7,4,2,51,5
7,4,3,2,
7,4,3,6,4
7,4,3,14,8
7,4,3,15,1
7,4,3,24,9
7,4,3,29,5
7,4,3,39,10
7,4,4,11,
7,4,4,16,5
7,4,4,27,11
7,4,4,34,7
7,4,4,36,2
7,4,4,51,15
7,4,4,52,1
7,4,5,5,
7,4,5,12,7
7,4,5,13,1
7,4,5,15,2
7,4,5,22,7
7,4,5,37,15
7,4,5,54,17
7,4,6,3,
7,4,6,25,22
7,4,6,46,21
7,4,6,52,6
7,4,7,7,
7,4,7,21,14
7,4,7,28,7
7,4,7,33,5
7,4,7,34,1
7,4,7,47,13
7,4,7,53,6
7,4,7,54,1
7,4,7,60,6
7,4,8,8,
7,4,8,21,13
7,4,8,41,20
7,4,8,52,11
7,4,8,57,5
7,4,8,60,3
7,4,9,2,
7,4,9,16,14
7,4,9,17,1
7,4,9,49,32
7,4,9,55,6
7,4,10,20,
7,4,10,29,9
7,4,10,33,4
7,4,10,39,6
7,4,10,58,19
7,4,11,18,
7,4,11,24,6
7,4,11,25,1
7,4,11,43,18
7,4,11,50,7
7,4,11,51,1
7,4,11,52,1
7,4,11,58,6
7,4,12,28,
7,4,12,50,22
7,4,12,52,2
7,4,13,6,
7,4,13,24,18
7,4,13,35,11
7,4,13,36,1
7,4,13,41,5
7,4,14,16,
7,4,14,24,8
7,4,14,30,6
7,4,14,37,7
7,4,14,43,6
7,4,14,48,5
7,4,15,2,
7,4,15,10,8
7,4,15,13,3
7,4,15,27,14
7,4,15,29,2
7,4,15,30,1
7,4,15,33,3
7,4,15,38,5
7,4,15,42,4
7,4,15,48,6
7,4,16,1,
7,4,16,7,6
7,4,16,36,29
7,4,16,49,13
7,4,16,60,11
8,1,1,10,
8,1,1,26,16
8,1,1,27,1
8,1,1,44,17
8,1,1,46,2
8,1,2,3,
8,1,2,22,19
8,1,2,29,7
8,1,2,51,22
8,1,3,5,
8,1,3,22,17
8,1,3,23,1
8,1,3,27,4
8,1,3,52,25
8,1,3,57,5
8,1,3,59,2
8,1,4,6,
8,1,4,10,4
8,1,4,14,4
8,1,4,16,2
8,1,4,46,30
8,1,4,50,4
8,1,4,51,1
8,1,5,5,
8,1,5,27,22
8,1,5,45,18
8,1,6,2,
8,1,6,21,19
8,1,6,57,36
8,1,6,60,3
8,1,7,15,
8,1,7,19,4
8,1,7,37,18
8,1,7,53,16
8,1,8,3,
8,1,8,7,4
8,1,8,18,11
8,1,8,35,17
8,1,8,42,7
8,1,8,60,18
8,1,9,7,
8,1,9,15,8
8,1,9,36,21
8,1,9,42,6
8,1,9,43,1
8,1,9,57,14
8,1,10,7,
8,1,10,18,11
8,1,10,27,9
8,1,10,52,25
8,1,11,10,
8,1,11,12,2
8,1,11,22,10
8,1,11,24,2
8,1,11,25,1
8,1,11,40,15
8,1,12,16,
8,1,12,17,1
8,1,12,20,3
8,1,12,23,3
8,1,12,27,4
8,1,12,28,1
8,1,12,35,7
8,1,12,43,8
8,1,13,4,
8,1,13,11,7
8,1,13,46,35
8,1,13,52,6
8,1,13,53,1
8,1,14,27,
8,1,14,36,9
8,1,14,49,13
8,1,14,50,1
8,1,14,60,10
8,1,15,1,
8,1,15,15,14
8,1,15,18,3
8,1,15,25,7
8,1,15,26,1
8,1,15,36,10
8,1,15,46,10
8,1,15,51,5
8,1,16,39,
8,1,16,43,4
8,1,16,51,8
8,1,16,53,2
8,1,16,54,1
8,1,16,55,1
8,1,16,57,2
8,2,1,8,
8,2,1,25,17
8,2,1,38,13
8,2,1,50,12
8,2,2,9,
8,2,2,10,1
8,2,2,17,7
8,2,2,46,29
8,2,2,53,7
8,2,2,60,7
8,2,3,31,
8,2,3,34,3
8,2,3,38,4
8,2,3,40,2
8,2,3,55,15
8,2,3,59,4
8,2,4,5,
8,2,4,7,2
8,2,4,19,12
8,2,4,26,7
8,2,4,32,6
8,2,4,39,7
8,2,5,3,
8,2,5,28,25
8,2,5,53,25
8,2,6,9,
8,2,6,21,12
8,2,6,30,9
8,2,6,32,2
8,2,6,59,27
8,2,7,4,
8,2,7,7,3
8,2,7,9,2
8,2,7,46,37
8,2,7,47,1
8,2,8,17,
8,2,8,26,9
8,2,8,32,6
8,2,8,34,2
8,2,8,40,6
8,2,8,49,9
8,2,8,56,7
8,2,8,57,1
8,2,9,2,
8,2,9,5,3
8,2,9,14,9
8,2,10,26,
8,2,10,39,13
8,2,10,44,5
8,2,10,54,10
8,2,11,5,
8,2,11,9,4
8,2,11,35,26
8,2,11,37,2
8,2,11,43,6
8,2,11,44,1
8,2,11,55,11
8,2,12,15,
8,2,12,18,3
8,2,12,19,1
8,2,12,29,10
8,2,12,39,10
8,2,12,51,12
8,2,12,53,2
8,2,12,56,3
8,2,13,1,
8,2,13,9,8
8,2,13,13,4
8,2,13,23,10
8,2,13,42,19
8,2,13,52,10
8,2,14,20,
8,2,14,29,9
8,2,14,44,15
8,2,15,2,
8,2,15,15,13
8,2,15,24,9
8,2,15,27,3
8,2,15,28,1
8,2,15,48,20
8,2,15,55,7
8,2,16,6,
8,2,16,8,2
8,2,16,20,12
8,2,16,45,25
8,2,16,47,2
8,2,16,51,4
8,3,1,14,
8,3,1,22,8
8,3,1,27,5
8,3,1,37,10
8,3,1,44,7
8,3,1,52,8
8,3,1,55,3
8,3,1,56,1
8,3,1,57,1
8,3,2,13,
8,3,2,32,19
8,3,2,39,7
8,3,2,51,12
8,3,3,1,
8,3,3,7,6
8,3,3,14,7
8,3,3,17,3
8,3,3,40,23
8,3,3,48,8
8,3,3,56,8
8,3,4,8,
8,3,4,32,24
8,3,4,33,1
8,3,4,37,4
8,3,4,38,1
8,3,4,49,11
8,3,5,2,
8,3,5,23,21
8,3,5,34,11
8,3,5,40,6
8,3,5,41,1
8,3,6,2,
8,3,6,19,17
8,3,6,20,1
8,3,6,26,6
8,3,7,9,
8,3,7,35,26
8,3,7,39,4
8,3,7,42,3
8,3,7,48,6
8,3,7,58,10
8,3,8,9,
8,3,8,14,5
8,3,8,16,2
8,3,8,18,2
8,3,8,25,7
8,3,8,28,3
8,3,8,29,1
8,3,8,35,6
8,3,9,4,
8,3,9,19,15
8,3,9,27,8
8,3,9,37,10
8,3,9,60,23
8,3,10,9,
8,3,10,18,9
8,3,10,31,13
8,3,10,33,2
8,3,10,34,1
8,3,10,48,14
8,3,10,54,6
8,3,11,7,
8,3,11,13,6
8,3,11,17,4
8,3,11,28,11
8,3,11,40,12
8,3,11,50,10
8,3,11,52,2
8,3,11,55,3
8,3,12,2,
8,3,12,3,1
8,3,12,17,14
8,3,12,18,1
8,3,12,24,6
8,3,12,25,1
8,3,12,58,33
8,3,13,21,
8,3,13,24,3
8,3,13,28,4
8,3,13,33,5
8,3,13,38,5
8,3,13,58,20
8,3,14,5,
8,3,14,11,6
8,3,14,17,6
8,3,14,22,5
8,3,14,32,10
8,3,14,37,5
8,3,14,39,2
8,3,14,47,8
8,3,14,55,8
8,3,15,13,
8,3,15,15,2
8,3,15,19,4
8,3,15,38,19
8,3,15,45,7
8,3,16,1,
8,3,16,31,30
8,3,16,46,15
8,3,16,52,6
8,3,16,53,1
8,3,16,54,1
8,3,16,56,2
8,4,1,1,
8,4,1,10,9
8,4,1,18,8
8,4,1,33,15
8,4,1,47,14
8,4,2,12,
8,4,2,16,4
8,4,2,19,3
8,4,2,26,7
8,4,2,40,14
8,4,2,51,11
8,4,2,53,2
8,4,3,19,
8,4,3,41,22
8,4,3,42,1
8,4,3,53,11
8,4,3,54,1
8,4,4,15,
8,4,4,16,1
8,4,4,19,3
8,4,4,25,6
8,4,4,40,15
8,4,4,41,1
8,4,4,46,5
8,4,4,57,11
8,4,5,22,
8,4,5,24,2
8,4,5,33,9
8,4,5,34,1
8,4,5,36,2
8,4,5,39,3
8,4,5,44,5
8,4,5,53,9
8,4,6,15,
8,4,6,23,8
8,4,6,36,13
8,4,6,55,19
8,4,6,59,4
8,4,7,9,
8,4,7,21,12
8,4,7,27,6
8,4,7,33,6
8,4,7,54,21
8,4,7,60,6
8,4,8,9,
8,4,8,22,13
8,4,8,27,5
8,4,8,42,15
8,4,9,2,
8,4,9,3,1
8,4,9,10,7
8,4,9,12,2
8,4,9,48,36
8,4,9,50,2
8,4,9,55,5
8,4,9,59,4
8,4,10,7,
8,4,10,14,7
8,4,10,17,3
8,4,10,35,18
8,4,10,58,23
8,4,11,1,
8,4,11,11,10
8,4,11,14,3
8,4,11,19,5
8,4,11,20,1
8,4,11,23,3
8,4,11,25,2
8,4,11,33,8
8,4,11,35,2
8,4,11,44,9
8,4,11,51,7
8,4,11,58,7
8,4,11,59,1
8,4,12,1,
8,4,12,6,5
8,4,12,20,14
8,4,12,30,10
8,4,12,32,2
8,4,12,33,1
8,4,12,49,16
8,4,13,2,
8,4,13,41,39
8,4,13,42,1
8,4,13,48,6
8,4,13,56,8
8,4,14,16,
8,4,14,24,8
8,4,14,34,10
8,4,14,36,2
8,4,14,37,1
8,4,14,39,2
8,4,14,42,3
8,4,14,57,15
8,4,15,20,
8,4,15,24,4
8,4,15,45,21
8,4,16,14,
8,4,16,15,1
8,4,16,33,18
8,4,16,35,2
8,4,16,49,14
8,4,16,51,2
9,1,1,11,
9,1,1,30,19
9,1,1,45,15
9,1,1,60,15
9,1,2,1,
9,1,2,22,21
9,1,2,24,2
9,1,2,42,18
9,1,2,58,16
9,1,2,59,1
9,1,3,5,
9,1,3,31,26
9,1,3,42,11
9,1,3,52,10
9,1,3,55,3
9,1,4,11,
9,1,4,26,15
9,1,4,40,14
9,1,4,43,3
9,1,4,54,11
9,1,5,1,
9,1,5,12,11
9,1,5,14,2
9,1,5,20,6
9,1,5,22,2
9,1,5,24,2
9,1,5,33,9
9,1,5,49,16
9,1,5,59,10
9,1,6,12,
9,1,6,14,2
9,1,6,28,14
9,1,6,34,6
9,1,6,47,13
9,1,6,51,4
9,1,6,57,6
9,1,7,54,
9,1,7,60,6
9,1,8,3,
9,1,8,5,2
9,1,8,19,14
9,1,8,39,20
9,1,8,42,3
9,1,9,21,
9,1,9,23,2
9,1,9,29,6
9,1,10,2,
9,1,10,5,3
9,1,10,16,11
9,1,11,7,
9,1,11,22,15
9,1,11,27,5
9,1,11,40,13
9,1,11,45,5
9,1,11,47,2
9,1,11,49,2
9,1,12,7,
9,1,12,26,19
9,1,12,37,11
9,1,12,38,1
9,1,12,41,3
9,1,12,50,9
9,1,12,52,2
9,1,13,14,
9,1,13,24,10
9,1,13,31,7
9,1,13,42,11
9,1,13,44,2
9,1,13,48,4
9,1,13,52,4
9,1,13,58,6
9,1,14,9,
9,1,14,17,8
9,1,14,18,1
9,1,14,22,4
9,1,14,23,1
9,1,14,39,16
9,1,15,18,
9,1,15,20,2
9,1,15,38,18
9,1,16,2,
9,1,16,6,4
9,1,16,7,1
9,1,16,11,4
9,1,16,32,21
9,2,1,18,
9,2,1,20,2
9,2,1,38,18
9,2,1,44,6
9,2,2,5,
9,2,2,16,11
9,2,2,24,8
9,2,2,28,4
9,2,2,58,30
9,2,3,23,
9,2,3,46,23
9,2,3,51,5
9,2,3,59,8
9,2,4,16,
9,2,4,21,5
9,2,4,24,3
9,2,4,29,5
9,2,4,38,9
9,2,4,43,5
9,2,4,46,3
9,2,4,50,4
9,2,4,52,2
9,2,5,23,
9,2,5,27,4
9,2,5,38,11
9,2,6,4,
9,2,6,10,6
9,2,6,43,33
9,2,6,51,8
9,2,7,25,
9,2,7,32,7
9,2,7,38,6
9,2,7,52,14
9,2,7,59,7
9,2,8,11,
9,2,8,12,1
9,2,8,24,12
9,2,8,26,2
9,2,8,36,10
9,2,8,52,16
9,2,8,59,7
9,2,9,3,
9,2,9,6,3
9,2,9,19,13
9,2,9,25,6
9,2,9,33,8
9,2,9,41,8
9,2,9,50,9
9,2,9,53,3
9,2,10,6,
9,2,10,9,3
9,2,10,10,1
9,2,10,17,7
9,2,10,27,10
9,2,10,32,5
9,2,10,55,23
9,2,10,58,3
9,2,11,10,
9,2,11,24,14
9,2,11,47,23
9,2,12,5,
9,2,12,16,11
9,2,12,21,5
9,2,12,26,5
9,2,12,28,2
9,2,12,31,3
9,2,12,34,3
9,2,12,41,7
9,2,12,52,11
9,2,13,5,
9,2,13,8,3
9,2,13,26,18
9,2,13,32,6
9,2,13,40,8
9,2,13,47,7
9,2,13,49,2
9,2,13,60,11
9,2,14,26,
9,2,14,38,12
9,2,15,2,
9,2,15,9,7
9,2,15,18,9
9,2,15,22,4
9,2,15,25,3
9,2,15,42,17
9,2,15,49,7
9,2,15,55,6
9,2,16,1,
9,2,16,8,7
9,2,16,27,19
9,2,16,31,4
9,2,16,45,14
9,2,16,60,15
9,3,1,5,
9,3,1,18,13
9,3,1,32,14
9,3,1,45,13
9,3,1,58,13
9,3,2,31,
9,3,2,33,2
9,3,2,43,10
9,3,3,16,
9,3,3,20,4
9,3,3,27,7
9,3,3,32,5
9,3,3,37,5
9,3,3,39,2
9,3,3,43,4
9,3,3,50,7
9,3,3,56,6
9,3,3,57,1
9,3,4,2,
9,3,4,4,2
9,3,4,16,12
9,3,4,27,11
9,3,4,39,12
9,3,4,51,12
9,3,4,52,1
9,3,4,57,5
9,3,4,60,3
9,3,5,2,
9,3,5,10,8
9,3,5,18,8
9,3,5,27,9
9,3,6,9,
9,3,6,11,2
9,3,6,14,3
9,3,6,18,4
9,3,6,33,15
9,3,6,49,16
9,3,6,50,1
9,3,7,3,
9,3,7,18,15
9,3,7,27,9
9,3,7,32,5
9,3,7,39,7
9,3,7,50,11
9,3,7,51,1
9,3,7,52,1
9,3,7,55,3
9,3,7,56,1
9,3,7,57,1
9,3,8,9,
9,3,8,17,8
9,3,8,19,2
9,3,8,38,19
9,3,8,40,2
9,3,9,4,
9,3,9,6,2
9,3,9,7,1
9,3,9,8,1
9,3,9,14,6
9,3,9,16,2
9,3,9,18,2
9,3,9,21,3
9,3,9,28,7
9,3,9,42,14
9,3,9,55,13
9,3,10,2,
9,3,10,7,5
9,3,10,11,4
9,3,10,13,2
9,3,10,22,9
9,3,10,28,6
9,3,10,29,1
9,3,10,36,7
9,3,10,40,4
9,3,10,47,7
9,3,11,2,
9,3,11,12,10
9,3,11,25,13
9,3,11,30,5
9,3,11,35,5
9,3,11,36,1
9,3,11,46,10
9,3,11,50,4
9,3,11,52,2
9,3,12,2,
9,3,12,8,6
9,3,12,14,6
9,3,12,30,16
9,3,12,34,4
9,3,12,49,15
9,3,12,60,11
9,3,13,7,
9,3,13,8,1
9,3,13,37,29
9,3,13,41,4
9,3,13,43,2
9,3,13,45,2
9,3,13,49,4
9,3,13,54,5
9,3,13,55,1
9,3,13,56,1
9,3,14,8,
9,3,14,19,11
9,3,14,21,2
9,3,14,34,13
9,3,14,39,5
9,3,14,48,9
9,3,15,4,
9,3,15,7,3
9,3,15,32,25
9,3,15,35,3
9,3,15,43,8
9,3,15,60,17
9,3,16,3,
9,3,16,20,17
9,3,16,26,6
9,3,16,40,14
9,3,16,45,5
9,3,16,57,12
9,4,1,6,
9,4,1,7,1
9,4,1,28,21
9,4,1,49,21
9,4,1,53,4
9,4,1,59,6
9,4,2,2,
9,4,2,12,10
9,4,2,13,1
9,4,2,34,21
9,4,2,42,8
9,4,2,43,1
9,4,2,45,2
9,4,2,48,3
9,4,2,51,3
9,4,2,53,2
9,4,3,13,
9,4,3,22,9
9,4,3,29,7
9,4,3,33,4
9,4,3,35,2
9,4,3,36,1
9,4,3,37,1
9,4,3,40,3
9,4,3,44,4
9,4,3,47,3
9,4,4,11,
9,4,4,28,17
9,4,4,49,21
9,4,4,54,5
9,4,4,60,6
9,4,5,4,
9,4,5,11,7
9,4,5,28,17
9,4,5,36,8
9,4,5,37,1
9,4,5,39,2
9,4,5,53,14
9,4,5,55,2
9,4,5,57,2
9,4,6,6,
9,4,6,9,3
9,4,6,21,12
9,4,6,35,14
9,4,6,54,19
9,4,6,59,5
9,4,7,7,
9,4,7,24,17
9,4,7,35,11
9,4,7,42,7
9,4,7,46,4
9,4,7,49,3
9,4,7,53,4
9,4,7,59,6
9,4,8,12,
9,4,8,28,16
9,4,8,34,6
9,4,8,42,8
9,4,8,47,5
9,4,9,42,
9,4,9,55,13
9,4,10,7,
9,4,10,8,1
9,4,10,11,3
9,4,10,21,10
9,4,10,31,10
9,4,10,39,8
9,4,10,45,6
9,4,10,55,10
9,4,11,8,
9,4,11,11,3
9,4,11,19,8
9,4,11,23,4
9,4,11,34,11
9,4,11,36,2
9,4,11,39,3
9,4,11,47,8
9,4,11,57,10
9,4,12,54,
9,4,12,56,2
9,4,13,4,
9,4,13,18,14
9,4,13,24,6
9,4,13,31,7
9,4,13,35,4
9,4,13,37,2
9,4,13,42,5
9,4,13,56,14
9,4,13,58,2
9,4,14,3,
9,4,14,38,35
9,4,15,11,
9,4,15,13,2
9,4,15,18,5
9,4,15,24,6
9,4,15,30,6
9,4,15,34,4
9,4,15,39,5
9,4,15,41,2
9,4,15,42,1
9,4,15,54,12
9,4,16,34,
9,4,16,36,2
9,4,16,48,12
10,1,1,10,
10,1,1,25,15
10,1,1,41,16
10,1,1,47,6
10,1,1,59,12
10,1,2,13,
10,1,2,39,26
10,1,2,40,1
10,1,2,45,5
10,1,2,60,15
10,1,3,30,
10,1,3,33,3
10,1,3,39,6
10,1,3,52,13
10,1,4,1,
10,1,4,8,7
10,1,4,15,7
10,1,4,18,3
10,1,4,23,5
10,1,4,37,14
10,1,4,47,10
10,1,4,49,2
10,1,5,19,
10,1,5,26,7
10,1,5,34,8
10,1,5,40,6
10,1,6,1,
10,1,6,21,20
10,1,6,26,5
10,1,6,36,10
10,1,6,41,5
10,1,6,51,10
10,1,6,52,1
10,1,6,53,1
10,1,6,59,6
10,1,7,9,
10,1,7,20,11
10,1,7,27,7
10,1,7,30,3
10,1,7,35,5
10,1,7,53,18
10,1,7,56,3
10,1,8,12,
10,1,8,29,17
10,1,8,34,5
10,1,9,8,
10,1,9,32,24
10,1,9,37,5
10,1,9,58,21
10,1,10,6,
10,1,10,44,38
10,1,10,52,8
10,1,10,54,2
10,1,11,8,
10,1,11,9,1
10,1,11,11,2
10,1,11,14,3
10,1,11,24,10
10,1,11,27,3
10,1,11,45,18
10,1,12,1,
10,1,12,13,12
10,1,12,19,6
10,1,12,20,1
10,1,12,38,18
10,1,12,50,12
10,1,13,7,
10,1,13,11,4
10,1,13,19,8
10,1,13,21,2
10,1,13,28,7
10,1,13,29,1
10,1,13,37,8
10,1,13,40,3
10,1,13,52,12
10,1,14,6,
10,1,14,15,9
10,1,14,32,17
10,1,14,42,10
10,1,14,45,3
10,1,14,51,6
10,1,14,56,5
10,1,15,4,
10,1,15,8,4
10,1,15,16,8
10,1,15,23,7
10,1,15,29,6
10,1,15,30,1
10,1,15,56,26
10,1,15,59,3
10,1,16,30,
10,1,16,48,18
10,2,1,23,
10,2,1,34,11
10,2,2,24,
10,2,2,27,3
10,2,2,28,1
10,2,2,39,11
10,2,2,47,8
10,2,2,56,9
10,2,3,28,
10,2,3,35,7
10,2,3,36,1
10,2,3,40,4
10,2,3,46,6
10,2,4,7,
10,2,4,12,5
10,2,4,35,23
10,2,4,39,4
10,2,4,42,3
10,2,5,9,
10,2,5,18,9
10,2,5,20,2
10,2,5,23,3
10,2,5,28,5
10,2,5,33,5
10,2,5,51,18
10,2,5,56,5
10,2,6,4,
10,2,6,11,7
10,2,6,14,3
10,2,6,33,19
10,2,6,58,25
10,2,7,28,
10,2,7,36,8
10,2,7,53,17
10,2,8,10,
10,2,8,17,7
10,2,8,27,10
10,2,8,49,22
10,2,8,53,4
10,2,8,58,5
10,2,8,59,1
10,2,9,1,
10,2,9,5,4
10,2,9,11,6
10,2,9,22,11
10,2,9,27,5
10,2,9,34,7
10,2,9,36,2
10,2,9,50,14
10,2,10,12,
10,2,10,15,3
10,2,10,23,8
10,2,10,25,2
10,2,10,28,3
10,2,10,35,7
10,2,10,49,14
10,2,10,50,1
10,2,11,4,
10,2,11,12,8
10,2,11,15,3
10,2,11,35,20
10,2,12,8,
10,2,12,13,5
10,2,12,19,6
10,2,12,21,2
10,2,12,25,4
10,2,12,26,1
10,2,13,1,
10,2,13,2,1
10,2,13,8,6
10,2,13,12,4
10,2,13,17,5
10,2,13,18,1
10,2,13,20,2
10,2,13,21,1
10,2,13,23,2
10,2,13,39,16
10,2,13,44,5
10,2,13,46,2
10,2,13,54,8
10,2,13,56,2
10,2,14,5,
10,2,14,7,2
10,2,14,11,4
10,2,14,12,1
10,2,14,13,1
10,2,14,25,12
10,2,14,27,2
10,2,14,36,9
10,2,14,37,1
10,2,14,51,14
10,2,14,56,5
10,2,15,8,
10,2,15,16,8
10,2,15,38,22
10,2,15,41,3
10,2,16,1,
10,2,16,5,4
10,2,16,9,4
10,2,16,10,1
10,2,16,12,2
10,2,16,20,8
10,2,16,26,6
10,2,16,38,12
10,2,16,40,2
10,2,16,49,9
10,2,16,53,4
10,2,16,56,3
10,3,1,2,
10,3,1,7,5
10,3,1,31,24
10,3,2,1,
10,3,2,14,13
10,3,2,16,2
10,3,2,29,13
10,3,2,35,6
10,3,2,49,14
10,3,3,14,
10,3,3,16,2
10,3,3,28,12
10,3,3,37,9
10,3,3,45,8
10,3,3,50,5
10,3,4,14,
10,3,4,16,2
10,3,4,39,23
10,3,4,55,16
10,3,4,56,1
10,3,5,8,
10,3,5,11,3
10,3,5,15,4
10,3,5,20,5
10,3,5,28,8
10,3,5,38,10
10,3,5,45,7
10,3,6,22,
10,3,6,25,3
10,3,6,30,5
10,3,6,31,1
10,3,6,40,9
10,3,6,47,7
10,3,6,57,10
10,3,7,3,
10,3,7,34,31
10,3,7,47,13
10,3,8,8,
10,3,8,18,10
10,3,8,29,11
10,3,8,37,8
10,3,8,54,17
10,3,8,57,3
10,3,8,58,1
10,3,9,1,
10,3,9,5,4
10,3,9,6,1
10,3,9,10,4
10,3,9,13,3
10,3,9,14,1
10,3,9,20,6
10,3,9,30,10
10,3,9,58,28
10,3,9,60,2
10,3,10,6,
10,3,10,16,10
10,3,10,20,4
10,3,10,23,3
10,3,10,31,8
10,3,10,37,6
10,3,10,49,12
10,3,11,1,
10,3,11,2,1
10,3,11,7,5
10,3,11,13,6
10,3,11,37,24
10,3,11,56,19
10,3,12,2,
10,3,12,6,4
10,3,12,37,31
10,3,12,38,1
10,3,12,42,4
10,3,12,50,8
10,3,13,49,
10,3,13,56,7
10,3,13,59,3
10,3,14,14,
10,3,14,38,24
10,3,14,60,22
10,3,15,8,
10,3,15,10,2
10,3,15,14,4
10,3,15,18,4
10,3,15,44,26
10,3,15,47,3
10,3,15,50,3
10,3,16,7,
10,3,16,8,1
10,3,16,14,6
10,3,16,28,14
10,3,16,30,2
10,3,16,32,2
10,3,16,36,4
10,3,16,54,18
10,4,1,5,
10,4,1,7,2
10,4,1,8,1
10,4,1,33,25
10,4,1,46,13
10,4,1,48,2
10,4,1,55,7
10,4,2,22,
10,4,2,33,11
10,4,2,37,4
10,4,3,2,
10,4,3,28,26
10,4,3,45,17
10,4,4,5,
10,4,4,8,3
10,4,4,11,3
10,4,4,31,20
10,4,4,33,2
10,4,4,38,5
10,4,5,10,
10,4,5,35,25
10,4,5,39,4
10,4,6,1,
10,4,6,4,3
10,4,6,13,9
10,4,6,17,4
10,4,6,20,3
10,4,6,31,11
10,4,6,38,7
10,4,6,56,18
10,4,6,59,3
10,4,7,4,
10,4,7,10,6
10,4,7,13,3
10,4,7,16,3
10,4,7,30,14
10,4,7,31,1
10,4,7,34,3
10,4,7,44,10
10,4,7,60,16
10,4,8,11,
10,4,8,16,5
10,4,8,22,6
10,4,8,27,5
10,4,8,43,16
10,4,9,4,
10,4,9,26,22
10,4,9,30,4
10,4,9,32,2
10,4,9,46,14
10,4,9,48,2
10,4,10,10,
10,4,10,21,11
10,4,10,25,4
10,4,10,43,18
10,4,11,10,
10,4,11,16,6
10,4,11,29,13
10,4,11,30,1
10,4,11,40,10
10,4,11,52,12
10,4,11,57,5
10,4,12,6,
10,4,12,9,3
10,4,12,27,18
10,4,12,29,2
10,4,12,53,24
10,4,13,1,
10,4,13,6,5
10,4,13,13,7
10,4,13,14,1
10,4,13,15,1
10,4,13,23,8
10,4,13,55,32
10,4,14,1,
10,4,14,3,2
10,4,14,31,28
10,4,14,40,9
10,4,14,44,4
10,4,14,56,12
10,4,15,13,
10,4,15,15,2
10,4,15,22,7
10,4,15,29,7
10,4,15,37,8
10,4,15,48,11
10,4,15,51,3
10,4,16,15,
10,4,16,18,3
10,4,16,32,14
10,4,16,42,10
10,4,16,45,3
10,4,16,53,8
11,1,1,11,
11,1,1,46,35
11,1,2,2,
11,1,2,23,21
11,1,2,27,4
11,1,2,46,19
11,1,2,50,4
11,1,2,51,1
11,1,3,16,
11,1,3,47,31
11,1,4,13,
11,1,4,22,9
11,1,4,26,4
11,1,4,39,13
11,1,4,51,12
11,1,4,57,6
11,1,5,3,
11,1,5,16,13
11,1,5,22,6
11,1,5,31,9
11,1,5,36,5
11,1,5,52,16
11,1,5,55,3
11,1,6,4,
11,1,6,25,21
11,1,6,26,1
11,1,6,32,6
11,1,6,34,2
11,1,6,53,19
11,1,6,54,1
11,1,6,55,1
11,1,7,1,
11,1,7,15,14
11,1,7,35,20
11,1,7,54,19
11,1,8,5,
11,1,8,14,9
11,1,8,41,27
11,1,8,43,2
11,1,8,57,14
11,1,9,3,
11,1,9,14,11
11,1,9,21,7
11,1,9,36,15
11,1,9,51,15
11,1,9,56,5
11,1,10,4,
11,1,10,12,8
11,1,10,15,3
11,1,10,17,2
11,1,10,19,2
11,1,10,22,3
11,1,10,37,15
11,1,10,55,18
11,1,10,57,2
11,1,10,58,1
11,1,11,7,
11,1,11,11,4
11,1,11,12,1
11,1,11,45,33
11,1,11,54,9
11,1,12,10,
11,1,12,22,12
11,1,12,35,13
11,1,12,45,10
11,1,12,48,3
11,1,13,40,
11,1,13,48,8
11,1,13,60,12
11,1,14,18,
11,1,14,41,23
11,1,14,49,8
11,1,14,52,3
11,1,14,59,7
11,1,15,3,
11,1,15,4,1
11,1,15,6,2
11,1,15,19,13
11,1,15,54,35
11,1,15,58,4
11,1,15,59,1
11,1,16,3,
11,1,16,10,7
11,1,16,11,1
11,1,16,25,14
11,1,16,27,2
11,1,16,37,10
11,1,16,40,3
11,1,16,45,5
11,1,16,46,1
11,2,1,4,
11,2,1,7,3
11,2,1,8,1
11,2,1,9,1
11,2,1,17,8
11,2,1,19,2
11,2,1,20,1
11,2,1,23,3
11,2,1,33,10
11,2,1,40,7
11,2,1,45,5
11,2,1,47,2
11,2,2,4,
11,2,2,31,27
11,2,2,53,22
11,2,3,20,
11,2,3,24,4
11,2,3,46,22
11,2,3,52,6
11,2,3,59,7
11,2,4,8,
11,2,4,22,14
11,2,4,29,7
11,2,4,36,7
11,2,4,53,17
11,2,5,2,
11,2,6,5,
11,2,6,23,18
11,2,6,43,20
11,2,6,57,14
11,2,7,12,
11,2,7,20,8
11,2,7,25,5
11,2,7,26,1
11,2,7,37,11
11,2,7,58,21
11,2,8,4,
11,2,8,16,12
11,2,8,21,5
11,2,8,39,18
11,2,8,50,11
11,2,8,52,2
11,2,9,24,
11,2,9,53,29
11,2,9,60,7
11,2,10,19,
11,2,10,33,14
11,2,10,40,7
11,2,11,4,
11,2,11,6,2
11,2,11,13,7
11,2,11,27,14
11,2,11,40,13
11,2,11,49,9
11,2,11,54,5
11,2,12,3,
11,2,12,30,27
11,2,13,4,
11,2,13,5,1
11,2,13,30,25
11,2,13,42,12
11,2,13,54,12
11,2,13,55,1
11,2,13,58,3
11,2,14,18,
11,2,14,31,13
11,2,14,32,1
11,2,14,36,4
11,2,14,38,2
11,2,14,45,7
11,2,14,50,5
11,2,15,6,
11,2,15,7,1
11,2,15,14,7
11,2,15,20,6
11,2,15,30,10
11,2,15,36,6
11,2,15,37,1
11,2,15,52,15
11,2,15,54,2
11,2,15,57,3
11,2,16,25,
11,2,16,49,24
11,3,1,3,
11,3,1,47,44
11,3,1,52,5
11,3,1,55,3
11,3,2,17,
11,3,2,41,24
11,3,2,47,6
11,3,2,50,3
11,3,2,59,9
11,3,3,12,
11,3,3,15,3
11,3,3,20,5
11,3,4,2,
11,3,4,3,1
11,3,4,6,3
11,3,4,19,13
11,3,4,22,3
11,3,4,55,33
11,3,4,57,2
11,3,5,14,
11,3,5,26,12
11,3,5,28,2
11,3,5,29,1
11,3,5,30,1
11,3,5,37,7
11,3,5,42,5
11,3,6,19,
11,3,6,20,1
11,3,6,45,25
11,3,6,54,9
11,3,6,57,3
11,3,7,17,
11,3,7,24,7
11,3,7,32,8
11,3,8,3,
11,3,8,10,7
11,3,8,24,14
11,3,8,38,14
11,3,8,45,7
11,3,8,46,1
11,3,8,49,3
11,3,8,54,5
11,3,8,55,1
11,3,8,58,3
11,3,9,31,
11,3,9,38,7
11,3,9,47,9
11,3,9,57,10
11,3,10,1,
11,3,10,22,21
11,3,10,34,12
11,3,10,39,5
11,3,10,59,20
11,3,11,9,
11,3,11,18,9
11,3,11,20,2
11,3,11,39,19
11,3,11,51,12
11,3,12,4,
11,3,12,5,1
11,3,12,24,19
11,3,12,35,11
11,3,12,49,14
11,3,12,51,2
11,3,13,21,
11,3,13,25,4
11,3,13,30,5
11,3,13,34,4
11,3,14,16,
11,3,14,18,2
11,3,14,21,3
11,3,14,36,15
11,3,15,8,
11,3,15,18,10
11,3,15,27,9
11,3,15,44,17
11,3,15,45,1
11,3,15,55,10
11,3,15,58,3
11,3,16,29,
11,3,16,32,3
11,3,16,37,5
11,3,16,45,8
11,3,16,49,4
11,4,1,11,
11,4,1,20,9
11,4,1,21,1
11,4,1,35,14
11,4,1,39,4
11,4,1,49,10
11,4,1,50,1
11,4,2,3,
11,4,2,4,1
11,4,2,15,11
11,4,2,22,7
11,4,2,30,8
11,4,2,48,18
11,4,2,60,12
11,4,3,4,
11,4,3,8,4
11,4,3,10,2
11,4,3,19,9
11,4,3,26,7
11,4,3,36,10
11,4,3,40,4
11,4,3,45,5
11,4,3,49,4
11,4,3,56,7
11,4,4,6,
11,4,4,27,21
11,4,4,50,23
11,4,5,5,
11,4,5,9,4
11,4,5,31,22
11,4,5,51,20
11,4,5,56,5
11,4,6,3,
11,4,6,16,13
11,4,6,19,3
11,4,6,27,8
11,4,6,57,30
11,4,7,3,
11,4,7,12,9
11,4,7,29,17
11,4,7,32,3
11,4,7,44,12
11,4,7,47,3
11,4,7,51,4
11,4,7,52,1
11,4,7,59,7
11,4,8,3,
11,4,8,18,15
11,4,8,22,4
11,4,8,33,11
11,4,8,36,3
11,4,9,19,
11,4,9,36,17
11,4,9,54,18
11,4,10,17,
11,4,10,26,9
11,4,10,34,8
11,4,10,47,13
11,4,10,48,1
11,4,10,56,8
11,4,10,58,2
11,4,10,59,1
11,4,11,21,
11,4,11,27,6
11,4,11,30,3
11,4,11,43,13
11,4,11,46,3
11,4,11,49,3
11,4,11,56,7
11,4,12,5,
11,4,12,14,9
11,4,12,26,12
11,4,12,42,16
11,4,12,51,9
11,4,12,53,2
11,4,12,55,2
11,4,13,3,
11,4,13,22,19
11,4,13,25,3
11,4,13,30,5
11,4,13,37,7
11,4,13,38,1
11,4,13,44,6
11,4,13,46,2
11,4,13,48,2
11,4,14,13,
11,4,14,24,11
11,4,14,27,3
11,4,14,47,20
11,4,14,58,11
11,4,15,3,
11,4,15,33,30
11,4,15,36,3
11,4,15,56,20
11,4,16,14,
11,4,16,44,30
12,1,1,7,
12,1,1,11,4
12,1,1,18,7
12,1,1,28,10
12,1,2,5,
12,1,2,6,1
12,1,2,15,9
12,1,2,23,8
12,1,2,32,9
12,1,2,35,3
12,1,2,50,15
12,1,2,51,1
12,1,3,11,
12,1,3,18,7
12,1,3,30,12
12,1,3,34,4
12,1,4,15,
12,1,4,35,20
12,1,4,38,3
12,1,4,49,11
12,1,4,51,2
12,1,5,2,
12,1,5,52,50
12,1,6,11,
12,1,6,13,2
12,1,7,18,
12,1,7,24,6
12,1,7,27,3
12,1,7,39,12
12,1,7,43,4
12,1,7,46,3
12,1,7,58,12
12,1,8,28,
12,1,8,49,21
12,1,8,58,9
12,1,9,16,
12,1,9,25,9
12,1,9,29,4
12,1,9,33,4
12,1,9,36,3
12,1,9,58,22
12,1,10,28,
12,1,10,39,11
12,1,10,43,4
12,1,10,47,4
12,1,10,57,10
12,1,11,3,
12,1,11,10,7
12,1,11,13,3
12,1,11,17,4
12,1,11,27,10
12,1,11,42,15
12,1,11,44,2
12,1,12,4,
12,1,12,12,8
12,1,12,15,3
12,1,12,16,1
12,1,12,24,8
12,1,12,31,7
12,1,12,59,28
12,1,13,1,
12,1,13,10,9
12,1,13,26,16
12,1,13,43,17
12,1,13,47,4
12,1,13,54,7
12,1,13,60,6
12,1,14,6,
12,1,14,24,18
12,1,15,27,
12,1,15,30,3
12,1,15,31,1
12,1,15,34,3
12,1,15,37,3
12,1,15,42,5
12,1,15,45,3
12,1,15,50,5
12,1,16,7,
12,1,16,18,11
12,1,16,30,12
12,1,16,31,1
12,1,16,40,9
12,1,16,44,4
12,1,16,49,5
12,1,16,59,10
12,2,1,1,
12,2,1,2,1
12,2,1,7,5
12,2,1,37,30
12,2,1,44,7
12,2,1,48,4
12,2,1,55,7
12,2,1,56,1
12,2,2,4,
12,2,2,13,9
12,2,2,24,11
12,2,2,50,26
12,2,3,42,
12,2,3,57,15
12,2,4,1,
12,2,4,7,6
12,2,4,15,8
12,2,4,24,9
12,2,4,27,3
12,2,5,45,
12,2,5,50,5
12,2,6,1,
12,2,6,3,2
12,2,6,4,1
12,2,6,9,5
12,2,6,14,5
12,2,6,23,9
12,2,6,26,3
12,2,6,29,3
12,2,6,32,3
12,2,6,43,11
12,2,6,45,2
12,2,6,50,5
12,2,6,53,3
12,2,7,7,
12,2,7,23,16
12,2,7,29,6
12,2,7,48,19
12,2,7,50,2
12,2,7,54,4
12,2,7,55,1
12,2,8,5,
12,2,8,10,5
12,2,8,15,5
12,2,8,45,30
12,2,8,54,9
12,2,9,31,
12,2,9,35,4
12,2,9,45,10
12,2,9,46,1
12,2,10,5,
12,2,10,19,14
12,2,10,23,4
12,2,10,33,10
12,2,10,46,13
12,2,10,49,3
12,2,10,60,11
12,2,11,10,
12,2,11,15,5
12,2,11,51,36
12,2,11,55,4
12,2,11,60,5
12,2,12,3,
12,2,12,8,5
12,2,12,10,2
12,2,12,11,1
12,2,12,28,17
12,2,12,42,14
12,2,12,44,2
12,2,12,53,9
12,2,12,54,1
12,2,13,4,
12,2,13,8,4
12,2,13,15,7
12,2,13,29,14
12,2,13,35,6
12,2,13,40,5
12,2,13,49,9
12,2,13,54,5
12,2,14,6,
12,2,14,14,8
12,2,14,21,7
12,2,14,23,2
12,2,14,24,1
12,2,14,27,3
12,2,14,49,22
12,2,14,50,1
12,2,14,55,5
12,2,14,60,5
12,2,15,6,
12,2,15,33,27
12,2,15,51,18
12,2,16,3,
12,2,16,5,2
12,2,16,18,13
12,2,16,21,3
12,2,16,30,9
12,2,16,47,17
12,2,16,59,12
12,3,1,6,
12,3,1,13,7
12,3,1,31,18
12,3,1,36,5
12,3,1,44,8
12,3,1,51,7
12,3,1,52,1
12,3,1,58,6
12,3,2,5,
12,3,2,8,3
12,3,2,12,4
12,3,2,16,4
12,3,2,28,12
12,3,2,33,5
12,3,2,34,1
12,3,2,37,3
12,3,2,53,16
12,3,3,11,
12,3,3,27,16
12,3,3,36,9
12,3,3,58,22
12,3,4,44,
12,3,5,41,
12,3,5,58,17
12,3,6,10,
12,3,6,59,49
12,3,7,2,
12,3,7,10,8
12,3,7,12,2
12,3,7,13,1
12,3,7,17,4
12,3,7,37,20
12,3,7,52,15
12,3,7,59,7
12,3,8,7,
12,3,8,27,20
12,3,8,29,2
12,3,8,37,8
12,3,8,41,4
12,3,8,43,2
12,3,9,19,
12,3,9,20,1
12,3,9,31,11
12,3,9,34,3
12,3,9,36,2
12,3,9,50,14
12,3,10,4,
12,3,10,10,6
12,3,10,13,3
12,3,10,15,2
12,3,10,36,21
12,3,10,37,1
12,3,10,43,6
12,3,10,46,3
12,3,10,56,10
12,3,10,57,1
12,3,10,59,2
12,3,11,4,
12,3,11,9,5
12,3,11,13,4
12,3,11,16,3
12,3,11,18,2
12,3,11,21,3
12,3,11,29,8
12,3,11,31,2
12,3,11,41,10
12,3,11,54,13
12,3,12,1,
12,3,12,2,1
12,3,12,8,6
12,3,12,9,1
12,3,12,35,26
12,3,12,38,3
12,3,12,57,19
12,3,12,58,1
12,3,13,15,
12,3,13,21,6
12,3,13,24,3
12,3,13,42,18
12,3,13,43,1
12,3,13,57,14
12,3,14,42,
12,3,14,46,4
12,3,14,48,2
12,3,14,58,10
12,3,15,7,
12,3,15,18,11
12,3,15,23,5
12,3,15,31,8
12,3,15,37,6
12,3,15,55,18
12,3,15,59,4
12,3,16,1,
12,3,16,6,5
12,3,16,10,4
12,3,16,18,8
12,3,16,25,7
12,3,16,34,9
12,3,16,46,12
12,3,16,51,5
12,3,16,55,4
12,3,16,58,3
12,4,1,4,
12,4,1,7,3
12,4,1,16,9
12,4,1,39,23
12,4,1,58,19
12,4,2,5,
12,4,2,11,6
12,4,2,12,1
12,4,2,26,14
12,4,2,29,3
12,4,2,43,14
12,4,2,52,9
12,4,2,54,2
12,4,3,11,
12,4,3,56,45
12,4,4,3,
12,4,4,7,4
12,4,4,14,7
12,4,4,18,4
12,4,4,28,10
12,4,4,40,12
12,4,4,51,11
12,4,4,54,3
12,4,4,55,1
12,4,5,1,
12,4,5,5,4
12,4,5,17,12
12,4,5,27,10
12,4,6,10,
12,4,6,19,9
12,4,6,28,9
12,4,6,45,17
12,4,6,54,9
12,4,6,55,1
12,4,7,24,
12,4,7,34,10
12,4,7,35,1
12,4,7,46,11
12,4,7,54,8
12,4,8,12,
12,4,8,16,4
12,4,8,17,1
12,4,8,20,3
12,4,8,38,18
12,4,9,1,
12,4,9,23,22
12,4,9,48,25
12,4,9,56,8
12,4,9,59,3
12,4,10,23,
12,4,10,35,12
12,4,10,37,2
12,4,10,40,3
12,4,10,44,4
12,4,10,56,12
12,4,11,2,
12,4,11,17,15
12,4,11,26,9
12,4,11,36,10
12,4,11,38,2
12,4,12,5,
12,4,12,19,14
12,4,12,32,13
12,4,12,41,9
12,4,12,55,14
12,4,12,60,5
12,4,13,2,
12,4,13,12,10
12,4,13,32,20
12,4,13,40,8
12,4,13,48,8
12,4,13,53,5
12,4,13,57,4
12,4,14,8,
12,4,14,25,17
12,4,14,31,6
12,4,14,44,13
12,4,14,50,6
12,4,14,58,8
12,4,14,60,2
12,4,15,2,
12,4,15,10,8
12,4,15,34,24
12,4,15,43,9
12,4,15,49,6
12,4,15,55,6
12,4,16,27,
12,4,16,46,19
12,4,16,58,12
13,1,1,14,
13,1,1,16,2
13,1,1,28,12
13,1,1,32,4
13,1,1,59,27
13,1,2,23,
13,1,2,34,11
13,1,2,39,5
13,1,2,43,4
13,1,2,49,6
13,1,3,4,
13,1,3,18,14
13,1,3,22,4
13,1,3,23,1
13,1,3,41,18
13,1,3,44,3
13,1,3,45,1
13,1,4,11,
13,1,4,12,1
13,1,4,14,2
13,1,4,16,2
13,1,4,21,5
13,1,4,34,13
13,1,4,36,2
13,1,4,50,14
13,1,5,14,
13,1,5,20,6
13,1,5,35,15
13,1,5,38,3
13,1,5,46,8
13,1,5,48,2
13,1,5,52,4
13,1,5,53,1
13,1,5,56,3
13,1,6,1,
13,1,6,19,18
13,1,6,34,15
13,1,6,47,13
13,1,6,51,4
13,1,7,6,
13,1,7,38,32
13,1,7,39,1
13,1,7,43,4
13,1,7,45,2
13,1,7,49,4
13,1,7,60,11
13,1,8,7,
13,1,8,11,4
13,1,8,18,7
13,1,8,24,6
13,1,8,33,9
13,1,8,37,4
13,1,8,38,1
13,1,8,40,2
13,1,8,41,1
13,1,8,47,6
13,1,8,50,3
13,1,8,59,9
13,1,9,16,
13,1,9,25,9
13,1,9,27,2
13,1,9,29,2
13,1,9,37,8
13,1,9,39,2
13,1,9,46,7
13,1,9,54,8
13,1,10,17,
13,1,10,29,12
13,1,10,32,3
13,1,10,36,4
13,1,10,51,15
13,1,10,55,4
13,1,10,56,1
13,1,11,1,
13,1,11,6,5
13,1,11,7,1
13,1,11,32,25
13,1,11,43,11
13,1,11,45,2
13,1,12,18,
13,1,12,23,5
13,1,12,33,10
13,1,12,35,2
13,1,12,39,4
13,1,12,50,11
13,1,12,59,9
13,1,12,60,1
13,1,13,10,
13,1,13,11,1
13,1,13,18,7
13,1,13,20,2
13,1,13,25,5
13,1,13,33,8
13,1,13,37,4
13,1,13,58,21
13,1,14,9,
13,1,14,20,11
13,1,14,22,2
13,1,14,29,7
13,1,14,35,6
13,1,14,55,20
13,1,15,3,
13,1,15,8,5
13,1,15,37,29
13,1,15,53,16
13,1,16,10,
13,1,16,11,1
13,1,16,28,17
13,1,16,31,3
13,1,16,43,12
13,1,16,60,17
13,2,1,14,
13,2,1,22,8
13,2,1,26,4
13,2,1,35,9
13,2,1,38,3
13,2,1,45,7
13,2,1,51,6
13,2,2,16,
13,2,2,23,7
13,2,2,31,8
13,2,2,40,9
13,2,3,2,
13,2,3,21,19
13,2,3,33,12
13,2,3,34,1
13,2,3,60,26
13,2,4,32,
13,2,4,40,8
13,2,4,52,12
13,2,4,55,3
13,2,4,57,2
13,2,5,1,
13,2,5,9,8
13,2,5,11,2
13,2,5,20,9
13,2,5,39,19
13,2,6,10,
13,2,6,12,2
13,2,6,19,7
13,2,6,22,3
13,2,6,25,3
13,2,7,9,
13,2,7,19,10
13,2,7,26,7
13,2,7,34,8
13,2,7,42,8
13,2,7,54,12
13,2,7,56,2
13,2,7,60,4
13,2,8,14,
13,2,8,35,21
13,2,8,38,3
13,2,8,44,6
13,2,9,5,
13,2,9,6,1
13,2,9,35,29
13,2,9,45,10
13,2,9,47,2
13,2,10,8,
13,2,10,36,28
13,2,10,43,7
13,2,10,50,7
13,2,11,2,
13,2,11,10,8
13,2,11,17,7
13,2,11,28,11
13,2,11,32,4
13,2,11,39,7
13,2,11,40,1
13,2,11,42,2
13,2,11,49,7
13,2,11,51,2
13,2,12,16,
13,2,12,18,2
13,2,12,24,6
13,2,12,38,14
13,2,12,55,17
13,2,13,18,
13,2,13,21,3
13,2,13,37,16
13,2,13,51,14
13,2,13,57,6
13,2,13,58,1
13,2,14,5,
13,2,14,21,16
13,2,14,36,15
13,2,16,4,
13,2,16,15,11
13,2,16,20,5
13,2,16,27,7
13,2,16,35,8
13,2,16,42,7
13,2,16,49,7
13,2,16,54,5
13,3,1,13,
13,3,1,27,14
13,3,1,44,17
13,3,1,54,10
13,3,1,58,4
13,3,2,6,
13,3,2,37,31
13,3,2,40,3
13,3,2,47,7
13,3,3,16,
13,3,3,18,2
13,3,3,19,1
13,3,3,29,10
13,3,3,38,9
13,3,3,43,5
13,3,4,30,
13,3,4,39,9
13,3,4,41,2
13,3,4,47,6
13,3,4,49,2
13,3,4,53,4
13,3,5,22,
13,3,5,33,11
13,3,5,40,7
13,3,6,7,
13,3,6,9,2
13,3,6,17,8
13,3,6,39,22
13,3,6,42,3
13,3,6,48,6
13,3,6,57,9
13,3,6,58,1
13,3,7,1,
13,3,7,17,16
13,3,7,35,18
13,3,7,43,8
13,3,7,46,3
13,3,7,55,9
13,3,8,9,
13,3,8,12,3
13,3,8,28,16
13,3,8,37,9
13,3,8,40,3
13,3,8,47,7
13,3,9,29,
13,3,9,53,24
13,3,9,58,5
13,3,9,59,1
13,3,10,5,
13,3,10,9,4
13,3,10,13,4
13,3,10,18,5
13,3,10,23,5
13,3,10,32,9
13,3,10,36,4
13,3,10,41,5
13,3,10,42,1
13,3,10,46,4
13,3,10,48,2
13,3,10,57,9
13,3,11,33,
13,3,11,41,8
13,3,11,43,2
13,3,11,50,7
13,3,12,1,
13,3,12,11,10
13,3,12,23,12
13,3,12,26,3
13,3,12,36,10
13,3,12,44,8
13,3,12,59,15
13,3,13,5,
13,3,13,7,2
13,3,13,15,8
13,3,13,25,10
13,3,13,27,2
13,3,13,37,10
13,3,13,56,19
13,3,13,60,4
13,3,14,46,
13,3,14,51,5
13,3,14,60,9
13,3,15,14,
13,3,15,37,23
13,3,15,40,3
13,3,15,41,1
13,3,15,43,2
13,3,15,47,4
13,3,15,48,1
13,3,15,49,1
13,3,16,7,
13,3,16,24,17
13,3,16,35,11
13,3,16,55,20
13,3,16,59,4
13,4,1,5,
13,4,1,19,14
13,4,1,21,2
13,4,1,22,1
13,4,1,49,27
13,4,2,6,
13,4,2,48,42
13,4,2,52,4
13,4,3,8,
13,4,3,18,10
13,4,3,28,10
13,4,4,17,
13,4,4,22,5
13,4,4,36,14
13,4,4,49,13
13,4,5,11,
13,4,5,19,8
13,4,5,31,12
13,4,6,7,
13,4,6,20,13
13,4,6,23,3
13,4,6,24,1
13,4,6,32,8
13,4,6,37,5
13,4,6,38,1
13,4,6,60,22
13,4,7,2,
13,4,7,9,7
13,4,7,31,22
13,4,7,32,1
13,4,7,34,2
13,4,7,44,10
13,4,7,48,4
13,4,8,13,
13,4,8,19,6
13,4,8,26,7
13,4,8,43,17
13,4,8,45,2
13,4,9,2,
13,4,9,3,1
13,4,9,5,2
13,4,9,38,33
13,4,9,43,5
13,4,9,60,17
13,4,10,5,
13,4,10,17,12
13,4,10,38,21
13,4,10,42,4
13,4,10,43,1
13,4,10,46,3
13,4,10,52,6
13,4,11,33,
13,4,12,11,
13,4,12,34,23
13,4,12,58,24
13,4,13,5,
13,4,13,16,11
13,4,13,28,12
13,4,13,34,6
13,4,13,36,2
13,4,13,52,16
13,4,13,58,6
13,4,14,1,
13,4,14,4,3
13,4,14,6,2
13,4,14,22,16
13,4,14,39,17
13,4,14,41,2
13,4,14,50,9
13,4,14,59,9
13,4,15,16,
13,4,15,44,28
13,4,15,60,16
13,4,16,1,
13,4,16,5,4
13,4,16,34,29
13,4,16,35,1
14,1,1,23,
14,1,1,28,5
14,1,1,32,4
14,1,2,5,
14,1,2,12,7
14,1,2,37,25
14,1,2,39,2
14,1,2,41,2
14,1,2,42,1
14,1,2,44,2
14,1,3,7,
14,1,3,13,6
14,1,3,18,5
14,1,3,25,7
14,1,3,30,5
14,1,3,40,10
14,1,4,18,
14,1,4,28,10
14,1,4,32,4
14,1,4,35,3
14,1,4,60,25
14,1,5,9,
14,1,5,23,14
14,1,5,46,23
14,1,5,50,4
14,1,5,53,3
14,1,5,54,1
14,1,6,13,
14,1,6,19,6
14,1,6,22,3
14,1,6,43,21
14,1,6,50,7
14,1,6,60,10
14,1,7,9,
14,1,7,13,4
14,1,7,18,5
14,1,7,22,4
14,1,7,29,7
14,1,8,1,
14,1,8,3,2
14,1,8,4,1
14,1,8,13,9
14,1,8,15,2
14,1,8,28,13
14,1,8,30,2
14,1,8,32,2
14,1,8,37,5
14,1,8,51,14
14,1,8,55,4
14,1,8,58,3
14,1,9,24,
14,1,9,56,32
14,1,10,1,
14,1,10,13,12
14,1,10,15,2
14,1,10,17,2
14,1,10,19,2
14,1,10,36,17
14,1,10,60,24
14,1,11,13,
14,1,11,48,35
14,1,11,56,8
14,1,12,5,
14,1,12,13,8
14,1,12,19,6
14,1,12,33,14
14,1,12,39,6
14,1,13,10,
14,1,13,20,10
14,1,13,30,10
14,1,13,34,4
14,1,13,37,3
14,1,13,53,16
14,1,14,34,
14,1,14,42,8
14,1,14,56,14
14,1,14,60,4
14,1,15,13,
14,1,15,15,2
14,1,15,30,15
14,1,15,36,6
14,1,15,43,7
14,1,16,18,
14,1,16,23,5
14,1,16,27,4
14,1,16,39,12
14,2,1,3,
14,2,1,14,11
14,2,1,16,2
14,2,1,18,2
14,2,1,25,7
14,2,1,29,4
14,2,1,44,15
14,2,1,60,16
14,2,2,7,
14,2,2,11,4
14,2,2,32,21
14,2,2,54,22
14,2,2,56,2
14,2,3,22,
14,2,3,34,12
14,2,3,40,6
14,2,3,46,6
14,2,4,29,
14,2,4,39,10
14,2,4,40,1
14,2,4,58,18
14,2,5,9,
14,2,5,13,4
14,2,5,17,4
14,2,5,26,9
14,2,5,33,7
14,2,5,36,3
14,2,5,60,24
14,2,6,8,
14,2,6,9,1
14,2,6,12,3
14,2,6,16,4
14,2,6,38,22
14,2,6,49,11
14,2,6,50,1
14,2,7,12,
14,2,7,14,2
14,2,7,15,1
14,2,7,16,1
14,2,7,23,7
14,2,7,25,2
14,2,7,28,3
14,2,7,31,3
14,2,7,35,4
14,2,7,39,4
14,2,7,40,1
14,2,8,18,
14,2,8,23,5
14,2,8,35,12
14,2,8,37,2
14,2,8,51,14
14,2,8,55,4
14,2,8,57,2
14,2,8,59,2
14,2,9,4,
14,2,9,7,3
14,2,9,21,14
14,2,9,22,1
14,2,9,24,2
14,2,9,27,3
14,2,9,46,19
14,2,9,50,4
14,2,10,1,
14,2,10,3,2
14,2,10,7,4
14,2,10,22,15
14,2,10,34,12
14,2,10,51,17
14,2,10,55,4
14,2,10,58,3
14,2,11,6,
14,2,11,20,14
14,2,11,33,13
14,2,11,57,24
14,2,12,8,
14,2,12,10,2
14,2,12,14,4
14,2,12,33,19
14,2,13,1,
14,2,13,5,4
14,2,13,57,52
14,2,13,60,3
14,2,14,3,
14,2,14,15,12
14,2,14,21,6
14,2,14,27,6
14,2,14,35,8
14,2,14,53,18
14,2,15,18,
14,2,15,25,7
14,2,15,37,12
14,2,15,46,9
14,2,15,57,11
14,2,16,27,
14,2,16,38,11
14,2,16,42,4
14,2,16,47,5
14,2,16,60,13
14,3,1,12,
14,3,1,28,16
14,3,1,35,7
14,3,1,38,3
14,3,1,40,2
14,3,1,49,9
14,3,2,8,
14,3,2,19,11
14,3,2,46,27
14,3,2,53,7
14,3,3,11,
14,3,3,27,16
14,3,3,40,13
14,3,3,43,3
14,3,4,27,
14,3,4,31,4
14,3,4,35,4
14,3,4,36,1
14,3,4,43,7
14,3,4,45,2
14,3,4,48,3
14,3,4,54,6
14,3,5,4,
14,3,5,20,16
14,3,5,25,5
14,3,5,32,7
14,3,5,33,1
14,3,5,37,4
14,3,5,41,4
14,3,5,42,1
14,3,5,44,2
14,3,5,58,14
14,3,6,7,
14,3,6,15,8
14,3,6,28,13
14,3,6,47,19
14,3,6,48,1
14,3,7,27,
14,3,7,29,2
14,3,7,50,21
14,3,7,57,7
14,3,8,5,
14,3,8,33,28
14,3,8,52,19
14,3,8,55,3
14,3,9,1,
14,3,9,27,26
14,3,9,31,4
14,3,9,45,14
14,3,9,48,3
14,3,9,56,8
14,3,9,59,3
14,3,10,6,
14,3,10,7,1
14,3,10,8,1
14,3,10,16,8
14,3,10,31,15
14,3,10,34,3
14,3,10,40,6
14,3,10,42,2
14,3,10,46,4
14,3,10,57,11
14,3,11,7,
14,3,11,11,4
14,3,11,30,19
14,3,11,33,3
14,3,11,37,4
14,3,11,39,2
14,3,11,51,12
14,3,11,58,7
14,3,12,2,
14,3,12,14,12
14,3,12,18,4
14,3,12,30,12
14,3,12,35,5
14,3,12,59,24
14,3,13,1,
14,3,13,6,5
14,3,13,21,15
14,3,13,26,5
14,3,13,28,2
14,3,13,58,30
14,3,14,1,
14,3,14,3,2
14,3,14,53,50
14,3,15,32,
14,3,15,39,7
14,3,15,47,8
14,3,15,53,6
14,3,16,3,
14,3,16,13,10
14,3,16,16,3
14,3,16,23,7
14,3,16,24,1
14,3,16,29,5
14,3,16,33,4
14,3,16,45,12
14,4,1,1,
14,4,1,13,12
14,4,1,47,34
14,4,1,49,2
14,4,2,6,
14,4,2,10,4
14,4,2,15,5
14,4,2,25,10
14,4,2,45,20
14,4,2,52,7
14,4,2,55,3
14,4,2,56,1
14,4,2,58,2
14,4,3,2,
14,4,3,3,1
14,4,3,4,1
14,4,3,8,4
14,4,3,36,28
14,4,3,39,3
14,4,3,43,4
14,4,3,48,5
14,4,4,2,
14,4,4,6,4
14,4,4,19,13
14,4,5,5,
14,4,5,20,15
14,4,5,37,17
14,4,5,38,1
14,4,5,39,1
14,4,5,50,11
14,4,6,19,
14,4,6,22,3
14,4,6,38,16
14,4,6,39,1
14,4,6,41,2
14,4,6,50,9
14,4,6,54,4
14,4,7,13,
14,4,7,21,8
14,4,7,32,11
14,4,7,41,9
14,4,7,42,1
14,4,8,7,
14,4,8,24,17
14,4,8,29,5
14,4,8,40,11
14,4,8,41,1
14,4,9,6,
14,4,9,10,4
14,4,9,12,2
14,4,9,20,8
14,4,9,37,17
14,4,9,42,5
14,4,9,44,2
14,4,9,49,5
14,4,9,53,4
14,4,9,56,3
14,4,10,4,
14,4,10,27,23
14,4,10,28,1
14,4,10,37,9
14,4,10,45,8
14,4,10,52,7
14,4,10,59,7
14,4,11,38,
14,4,11,40,2
14,4,11,47,7
14,4,11,53,6
14,4,11,56,3
14,4,12,20,
14,4,12,22,2
14,4,12,27,5
14,4,12,42,15
14,4,12,51,9
14,4,13,20,
14,4,13,29,9
14,4,13,30,1
14,4,13,45,15
14,4,13,48,3
14,4,14,23,
14,4,14,26,3
14,4,14,27,1
14,4,14,31,4
14,4,14,32,1
14,4,14,38,6
14,4,14,46,8
14,4,14,50,4
14,4,14,60,10
14,4,15,3,
14,4,15,8,5
14,4,15,25,17
14,4,15,34,9
14,4,15,37,3
14,4,15,40,3
14,4,15,42,2
14,4,15,58,16
14,4,16,1,
14,4,16,2,1
14,4,16,30,28
14,4,16,51,21
14,4,16,54,3
14,4,16,58,4
14,4,16,59,1
15,1,1,22,
15,1,1,38,16
15,1,1,53,15
15,1,1,59,6
15,1,2,24,
15,1,2,41,17
15,1,2,56,15
15,1,3,21,
15,1,3,32,11
15,1,3,44,12
15,1,4,1,
15,1,4,6,5
15,1,4,19,13
15,1,4,42,23
15,1,4,52,10
15,1,4,54,2
15,1,5,1,
15,1,5,16,15
15,1,5,17,1
15,1,5,45,28
15,1,5,51,6
15,1,5,57,6
15,1,5,60,3
15,1,6,1,
15,1,6,44,43
15,1,7,8,
15,1,7,17,9
15,1,7,27,10
15,1,7,31,4
15,1,7,36,5
15,1,7,58,22
15,1,8,7,
15,1,8,9,2
15,1,9,1,
15,1,9,26,25
15,1,9,35,9
15,1,9,38,3
15,1,9,41,3
15,1,9,50,9
15,1,9,51,1
15,1,9,57,6
15,1,9,58,1
15,1,10,14,
15,1,10,16,2
15,1,11,3,
15,1,11,4,1
15,1,11,19,15
15,1,11,25,6
15,1,11,28,3
15,1,11,29,1
15,1,11,31,2
15,1,11,35,4
15,1,11,38,3
15,1,11,57,19
15,1,12,10,
15,1,12,21,11
15,1,12,26,5
15,1,12,31,5
15,1,12,34,3
15,1,12,53,19
15,1,12,58,5
15,1,13,14,
15,1,13,16,2
15,1,13,23,7
15,1,13,29,6
15,1,13,43,14
15,1,13,53,10
15,1,14,5,
15,1,15,20,
15,1,15,36,16
15,1,15,40,4
15,1,15,42,2
15,1,15,43,1
15,1,15,58,15
15,1,16,5,
15,1,16,20,15
15,1,16,28,8
15,1,16,43,15
15,1,16,52,9
15,1,16,54,2
15,1,16,56,2
15,2,1,2,
15,2,1,31,29
15,2,1,32,1
15,2,1,47,15
15,2,1,57,10
15,2,2,2,
15,2,2,16,14
15,2,2,23,7
15,2,2,48,25
15,2,2,49,1
15,2,2,55,6
15,2,3,3,
15,2,3,11,8
15,2,3,17,6
15,2,3,37,20
15,2,3,45,8
15,2,3,46,1
15,2,4,4,
15,2,4,11,7
15,2,4,13,2
15,2,4,16,3
15,2,4,26,10
15,2,4,36,10
15,2,4,39,3
15,2,4,40,1
15,2,4,48,8
15,2,4,49,1
15,2,4,58,9
15,2,5,7,
15,2,5,8,1
15,2,5,9,1
15,2,5,15,6
15,2,5,21,6
15,2,5,32,11
15,2,5,33,1
15,2,5,37,4
15,2,6,33,
15,2,6,34,1
15,2,7,1,
15,2,7,7,6
15,2,7,15,8
15,2,7,19,4
15,2,7,20,1
15,2,7,29,9
15,2,7,52,23
15,2,8,1,
15,2,8,2,1
15,2,8,3,1
15,2,8,4,1
15,2,8,19,15
15,2,8,26,7
15,2,8,27,1
15,2,8,28,1
15,2,8,36,8
15,2,8,51,15
15,2,9,1,
15,2,9,8,7
15,2,9,15,7
15,2,9,21,6
15,2,9,24,3
15,2,9,25,1
15,2,9,28,3
15,2,9,37,9
15,2,9,38,1
15,2,10,21,
15,2,10,27,6
15,2,10,31,4
15,2,10,32,1
15,2,10,42,10
15,2,10,52,10
15,2,10,59,7
15,2,11,8,
15,2,11,18,10
15,2,11,23,5
15,2,11,29,6
15,2,11,36,7
15,2,11,39,3
15,2,11,45,6
15,2,12,3,
15,2,12,11,8
15,2,12,32,21
15,2,12,51,19
15,2,12,59,8
15,2,13,6,
15,2,13,11,5
15,2,13,18,7
15,2,13,38,20
15,2,13,50,12
15,2,13,55,5
15,2,13,59,4
15,2,14,11,
15,2,14,21,10
15,2,14,32,11
15,2,14,33,1
15,2,14,40,7
15,2,14,47,7
15,2,14,52,5
15,2,15,19,
15,2,15,30,11
15,2,15,31,1
15,2,15,35,4
15,2,15,52,17
15,2,16,2,
15,2,16,14,12
15,2,16,16,2
15,2,16,25,9
15,2,16,30,5
15,2,16,40,10
15,2,16,56,16
15,2,16,58,2
15,3,1,7,
15,3,1,14,7
15,3,1,32,18
15,3,1,33,1
15,3,1,54,21
15,3,2,21,
15,3,2,33,12
15,3,2,35,2
15,3,2,52,17
15,3,3,7,
15,3,3,9,2
15,3,3,19,10
15,3,3,21,2
15,3,3,27,6
15,3,3,48,21
15,3,3,52,4
15,3,4,39,
15,3,5,11,
15,3,5,26,15
15,3,5,27,1
15,3,5,30,3
15,3,5,51,21
15,3,5,58,7
15,3,6,2,
15,3,6,12,10
15,3,6,17,5
15,3,6,22,5
15,3,6,25,3
15,3,6,41,16
15,3,6,46,5
15,3,6,48,2
15,3,7,5,
15,3,7,6,1
15,3,7,20,14
15,3,7,24,4
15,3,7,31,7
15,3,7,49,18
15,3,7,52,3
15,3,7,59,7
15,3,8,1,
15,3,8,13,12
15,3,8,18,5
15,3,8,29,11
15,3,8,35,6
15,3,8,59,24
15,3,9,15,
15,3,9,20,5
15,3,9,24,4
15,3,9,53,29
15,3,10,10,
15,3,10,38,28
15,3,10,45,7
15,3,11,16,
15,3,11,17,1
15,3,11,24,7
15,3,11,44,20
15,3,11,58,14
15,3,12,10,
15,3,12,22,12
15,3,12,24,2
15,3,12,25,1
15,3,12,27,2
15,3,12,28,1
15,3,12,42,14
15,3,12,59,17
15,3,13,4,
15,3,13,9,5
15,3,13,12,3
15,3,13,17,5
15,3,13,23,6
15,3,13,26,3
15,3,13,29,3
15,3,13,48,19
15,3,14,10,
15,3,14,24,14
15,3,14,52,28
15,3,15,10,
15,3,15,44,34
15,3,15,51,7
15,3,15,52,1
15,3,16,14,
15,3,16,16,2
15,3,16,17,1
15,3,16,32,15
15,3,16,41,9
15,3,16,45,4
15,3,16,47,2
15,3,16,48,1
15,3,16,51,3
15,3,16,52,1
15,3,16,54,2
15,4,1,4,
15,4,1,10,6
15,4,1,18,8
15,4,1,19,1
15,4,1,22,3
15,4,1,23,1
15,4,1,40,17
15,4,1,50,10
15,4,1,52,2
15,4,1,60,8
15,4,2,12,
15,4,2,14,2
15,4,2,32,18
15,4,2,48,16
15,4,2,50,2
15,4,3,2,
15,4,3,8,6
15,4,3,16,8
15,4,3,30,14
15,4,3,36,6
15,4,3,42,6
15,4,3,50,8
15,4,4,6,
15,4,4,33,27
15,4,4,36,3
15,4,4,44,8
15,4,4,47,3
15,4,5,9,
15,4,5,15,6
15,4,5,17,2
15,4,5,33,16
15,4,5,42,9
15,4,5,47,5
15,4,7,4,
15,4,7,21,17
15,4,7,24,3
15,4,7,35,11
15,4,7,39,4
15,4,7,41,2
15,4,7,51,10
15,4,8,3,
15,4,8,4,1
15,4,8,5,1
15,4,8,6,1
15,4,8,12,6
15,4,8,21,9
15,4,8,24,3
15,4,8,25,1
15,4,8,31,6
15,4,8,49,18
15,4,8,51,2
15,4,9,7,
15,4,9,9,2
15,4,9,42,33
15,4,9,46,4
15,4,9,52,6
15,4,10,9,
15,4,10,19,10
15,4,10,27,8
15,4,10,48,21
15,4,10,50,2
15,4,11,2,
15,4,11,7,5
15,4,11,17,10
15,4,11,38,21
15,4,11,44,6
15,4,12,3,
15,4,12,4,1
15,4,12,9,5
15,4,12,10,1
15,4,12,11,1
15,4,12,34,23
15,4,12,60,26
15,4,13,5,
15,4,13,12,7
15,4,13,13,1
15,4,13,18,5
15,4,13,59,41
15,4,14,13,
15,4,14,20,7
15,4,14,27,7
15,4,14,29,2
15,4,15,39,
15,4,15,44,5
15,4,15,53,9
15,4,16,12,
15,4,16,23,11
15,4,16,26,3
15,4,16,28,2
15,4,16,31,3
15,4,16,48,17
15,4,16,57,9
15,4,16,58,1
16,1,1,8,
16,1,1,9,1
16,1,1,29,20
16,1,1,43,14
16,1,1,47,4
16,1,1,49,2
16,1,1,53,4
16,1,1,55,2
16,1,1,56,1
16,1,2,7,
16,1,2,39,32
16,1,2,50,11
16,1,3,10,
16,1,3,14,4
16,1,3,33,19
16,1,3,36,3
16,1,3,44,8
16,1,3,46,2
16,1,4,11,
16,1,4,21,10
16,1,4,28,7
16,1,4,31,3
16,1,4,34,3
16,1,4,39,5
16,1,4,51,12
16,1,4,60,9
16,1,5,2,
16,1,5,3,1
16,1,5,19,16
16,1,5,21,2
16,1,5,32,11
16,1,5,33,1
16,1,5,54,21
16,1,6,7,
16,1,6,9,2
16,1,6,12,3
16,1,6,16,4
16,1,6,54,38
16,1,6,59,5
16,1,7,6,
16,1,7,12,6
16,1,7,13,1
16,1,8,11,
16,1,8,20,9
16,1,8,27,7
16,1,8,35,8
16,1,9,4,
16,1,9,16,12
16,1,9,19,3
16,1,9,21,2
16,1,9,24,3
16,1,9,28,4
16,1,9,30,2
16,1,9,33,3
16,1,10,15,
16,1,10,21,6
16,1,10,24,3
16,1,10,29,5
16,1,11,4,
16,1,11,6,2
16,1,11,10,4
16,1,11,11,1
16,1,11,22,11
16,1,11,46,24
16,1,11,50,4
16,1,12,9,
16,1,12,11,2
16,1,12,13,2
16,1,12,16,3
16,1,12,26,10
16,1,12,30,4
16,1,12,52,22
16,1,12,53,1
16,1,12,58,5
16,1,12,60,2
16,1,13,10,
16,1,13,11,1
16,1,13,18,7
16,1,13,24,6
16,1,13,27,3
16,1,13,33,6
16,1,13,56,23
16,1,13,59,3
16,1,14,5,
16,1,14,12,7
16,1,14,13,1
16,1,14,19,6
16,1,14,28,9
16,1,14,29,1
16,1,14,53,24
16,1,15,3,
16,1,16,3,
16,1,16,32,29
16,1,16,40,8
16,1,16,47,7
16,1,16,50,3
16,2,1,2,
16,2,1,3,1
16,2,1,34,31
16,2,1,40,6
16,2,1,51,11
16,2,1,55,4
16,2,2,15,
16,2,2,35,20
16,2,2,41,6
16,2,3,7,
16,2,3,23,16
16,2,3,31,8
16,2,3,35,4
16,2,3,58,23
16,2,4,1,
16,2,4,5,4
16,2,4,11,6
16,2,4,14,3
16,2,4,18,4
16,2,4,37,19
16,2,4,42,5
16,2,4,54,12
16,2,5,23,
16,2,5,32,9
16,2,5,38,6
16,2,5,44,6
16,2,6,16,
16,2,6,21,5
16,2,6,39,18
16,2,6,57,18
16,2,7,17,
16,2,7,24,7
16,2,7,53,29
16,2,7,60,7
16,2,8,24,
16,2,8,35,11
16,2,8,37,2
16,2,8,57,20
16,2,8,60,3
16,2,9,17,
16,2,9,29,12
16,2,9,39,10
16,2,9,46,7
16,2,9,48,2
16,2,10,7,
16,2,10,18,11
16,2,10,23,5
16,2,10,45,22
16,2,11,13,
16,2,11,17,4
16,2,11,32,15
16,2,11,39,7
16,2,11,47,8
16,2,11,48,1
16,2,11,59,11
16,2,12,40,
16,2,12,42,2
16,2,13,7,
16,2,13,10,3
16,2,13,41,31
16,2,13,47,6
16,2,13,58,11
16,2,14,4,
16,2,14,16,12
16,2,14,41,25
16,2,14,42,1
16,2,14,54,12
16,2,15,39,
16,2,15,48,9
16,2,15,50,2
16,2,16,7,
16,2,16,14,7
16,2,16,15,1
16,2,16,20,5
16,2,16,24,4
16,2,16,26,2
16,2,16,36,10
16,2,16,54,18
16,3,1,11,
16,3,1,14,3
16,3,1,26,12
16,3,1,32,6
16,3,1,48,16
16,3,2,10,
16,3,2,28,18
16,3,2,33,5
16,3,2,46,13
16,3,2,56,10
16,3,3,10,
16,3,3,11,1
16,3,4,5,
16,3,4,7,2
16,3,4,9,2
16,3,4,14,5
16,3,4,24,10
16,3,4,45,21
16,3,4,48,3
16,3,5,7,
16,3,5,12,5
16,3,5,17,5
16,3,5,20,3
16,3,5,38,18
16,3,5,39,1
16,3,5,45,6
16,3,5,52,7
16,3,6,28,
16,3,6,55,27
16,3,7,16,
16,3,7,31,15
16,3,7,36,5
16,3,7,37,1
16,3,7,50,13
16,3,7,57,7
16,3,7,60,3
16,3,8,19,
16,3,8,20,1
16,3,8,27,7
16,3,8,37,10
16,3,8,57,20
16,3,9,1,
16,3,9,4,3
16,3,9,5,1
16,3,9,13,8
16,3,9,18,5
16,3,9,45,27
16,3,9,54,9
16,3,9,55,1
16,3,9,56,1
16,3,9,57,1
16,3,10,1,
16,3,10,4,3
16,3,10,7,3
16,3,10,10,3
16,3,10,11,1
16,3,10,20,9
16,3,10,32,12
16,3,10,44,12
16,3,10,48,4
16,3,11,15,
16,3,11,17,2
16,3,12,2,
16,3,12,11,9
16,3,12,19,8
16,3,12,24,5
16,3,12,38,14
16,3,12,59,21
16,3,13,9,
16,3,13,11,2
16,3,13,28,17
16,3,13,35,7
16,3,13,47,12
16,3,14,4,
16,3,14,7,3
16,3,14,14,7
16,3,14,20,6
16,3,14,28,8
16,3,14,46,18
16,3,15,3,
16,3,15,7,4
16,3,15,14,7
16,3,15,29,15
16,3,15,40,11
16,3,15,55,15
16,3,15,59,4
16,3,16,15,
16,3,16,33,18
16,3,16,34,1
16,3,16,37,3
16,3,16,38,1
16,3,16,54,16
16,4,1,4,
16,4,1,13,9
16,4,1,15,2
16,4,1,25,10
16,4,1,39,14
16,4,1,40,1
16,4,1,42,2
16,4,1,43,1
16,4,1,55,12
16,4,2,2,
16,4,2,32,30
16,4,2,42,10
16,4,3,22,
16,4,3,34,12
16,4,3,49,15
16,4,3,53,4
16,4,3,54,1
16,4,4,20,
16,4,4,31,11
16,4,4,41,10
16,4,4,44,3
16,4,5,2,
16,4,5,12,10
16,4,5,17,5
16,4,5,26,9
16,4,5,28,2
16,4,5,33,5
16,4,5,45,12
16,4,5,58,13
16,4,6,15,
16,4,6,17,2
16,4,6,36,19
16,4,6,43,7
16,4,6,49,6
16,4,6,58,9
16,4,7,3,
16,4,7,9,6
16,4,7,21,12
16,4,7,31,10
16,4,7,56,25
16,4,7,59,3
16,4,8,9,
16,4,8,10,1
16,4,8,23,13
16,4,8,29,6
16,4,8,30,1
16,4,8,36,6
16,4,8,43,7
16,4,8,44,1
16,4,8,47,3
16,4,8,56,9
16,4,8,58,2
16,4,8,60,2
16,4,9,4,
16,4,9,5,1
16,4,9,12,7
16,4,9,21,9
16,4,9,56,35
16,4,10,3,
16,4,10,4,1
16,4,10,7,3
16,4,10,22,15
16,4,10,44,22
16,4,12,16,
16,4,12,22,6
16,4,12,27,5
16,4,12,34,7
16,4,12,39,5
16,4,12,44,5
16,4,12,46,2
16,4,12,55,9
16,4,13,1,
16,4,14,5,
16,4,14,20,15
16,4,14,35,15
16,4,14,39,4
16,4,14,53,14
16,4,14,55,2
16,4,15,7,
16,4,15,11,4
16,4,15,39,28
16,4,16,1,
16,4,16,8,7
16,4,16,9,1
16,4,16,22,13
16,4,16,28,6
16,4,16,30,2
16,4,16,31,1
16,4,16,38,7
17,1,1,11,
17,1,1,13,2
17,1,1,15,2
17,1,1,17,2
17,1,1,26,9
17,1,1,27,1
17,1,1,31,4
17,1,1,33,2
17,1,1,35,2
17,1,2,2,
17,1,2,8,6
17,1,2,9,1
17,1,2,34,25
17,1,2,50,16
17,1,2,59,9
17,1,3,9,
17,1,3,36,27
17,1,3,51,15
17,1,4,11,
17,1,4,28,17
17,1,4,31,3
17,1,4,48,17
17,1,5,8,
17,1,5,15,7
17,1,5,17,2
17,1,5,25,8
17,1,5,39,14
17,1,5,49,10
17,1,5,54,5
17,1,5,55,1
17,1,5,58,3
17,1,6,10,
17,1,6,40,30
17,1,6,48,8
17,1,6,58,10
17,1,7,19,
17,1,7,38,19
17,1,7,43,5
17,1,8,23,
17,1,8,36,13
17,1,8,41,5
17,1,8,51,10
17,1,8,58,7
17,1,9,5,
17,1,9,8,3
17,1,9,26,18
17,1,9,27,1
17,1,9,37,10
17,1,9,39,2
17,1,9,54,15
17,1,10,6,
17,1,10,17,11
17,1,10,19,2
17,1,10,25,6
17,1,10,27,2
17,1,11,3,
17,1,11,16,13
17,1,11,23,7
17,1,11,25,2
17,1,11,34,9
17,1,11,37,3
17,1,11,47,10
17,1,12,10,
17,1,12,22,12
17,1,12,38,16
17,1,12,60,22
17,1,13,1,
17,1,13,35,34
17,1,13,37,2
17,1,13,50,13
17,1,13,55,5
17,1,14,11,
17,1,14,13,2
17,1,14,16,3
17,1,14,23,7
17,1,14,24,1
17,1,14,51,27
17,1,14,60,9
17,1,15,17,
17,1,15,39,22
17,1,15,41,2
17,1,15,57,16
17,1,15,58,1
17,1,16,10,
17,1,16,13,3
17,1,16,22,9
17,1,16,29,7
17,1,16,35,6
17,1,16,47,12
17,1,16,49,2
17,1,16,50,1
17,2,1,7,
17,2,1,8,1
17,2,2,7,
17,2,2,23,16
17,2,2,27,4
17,2,2,32,5
17,2,2,56,24
17,2,3,2,
17,2,3,7,5
17,2,3,9,2
17,2,3,11,2
17,2,3,12,1
17,2,3,45,33
17,2,3,57,12
17,2,4,3,
17,2,4,36,33
17,2,4,43,7
17,2,4,50,7
17,2,5,23,
17,2,5,26,3
17,2,5,36,10
17,2,6,18,
17,2,6,24,6
17,2,6,35,11
17,2,6,39,4
17,2,6,51,12
17,2,7,2,
17,2,7,9,7
17,2,7,16,7
17,2,7,49,33
17,2,7,58,9
17,2,8,9,
17,2,8,11,2
17,2,8,20,9
17,2,8,25,5
17,2,8,35,10
17,2,8,60,25
17,2,9,5,
17,2,9,6,1
17,2,9,9,3
17,2,9,16,7
17,2,9,21,5
17,2,9,38,17
17,2,9,57,19
17,2,9,58,1
17,2,10,15,
17,2,10,18,3
17,2,10,21,3
17,2,10,22,1
17,2,10,24,2
17,2,10,38,14
17,2,10,54,16
17,2,11,2,
17,2,11,13,11
17,2,11,15,2
17,2,11,17,2
17,2,11,19,2
17,2,11,39,20
17,2,11,45,6
17,2,11,46,1
17,2,11,55,9
17,2,12,31,
17,2,13,5,
17,2,13,6,1
17,2,13,10,4
17,2,13,11,1
17,2,13,13,2
17,2,13,26,13
17,2,13,30,4
17,2,13,55,25
17,2,13,58,3
17,2,14,12,
17,2,14,22,10
17,2,14,36,14
17,2,14,44,8
17,2,14,58,14
17,2,15,4,
17,2,15,32,28
17,2,15,56,24
17,2,16,49,
17,3,1,10,
17,3,1,12,2
17,3,1,42,30
17,3,1,44,2
17,3,1,60,16
17,3,2,5,
17,3,2,10,5
17,3,2,26,16
17,3,3,14,
17,3,3,39,25
17,3,3,53,14
17,3,4,2,
17,3,4,18,16
17,3,4,30,12
17,3,5,20,
17,3,5,25,5
17,3,5,43,18
17,3,6,3,
17,3,6,24,21
17,3,6,48,24
17,3,6,60,12
17,3,7,5,
17,3,7,11,6
17,3,7,21,10
17,3,7,23,2
17,3,7,33,10
17,3,7,56,23
17,3,8,1,
17,3,8,16,15
17,3,8,24,8
17,3,8,28,4
17,3,8,31,3
17,3,8,43,12
17,3,8,48,5
17,3,8,56,8
17,3,9,25,
17,3,9,56,31
17,3,10,3,
17,3,10,5,2
17,3,10,37,32
17,3,10,50,13
17,3,10,55,5
17,3,10,56,1
17,3,11,1,
17,3,11,47,46
17,3,11,49,2
17,3,12,13,
17,3,12,24,11
17,3,12,34,10
17,3,12,39,5
17,3,12,45,6
17,3,12,57,12
17,3,13,3,
17,3,13,9,6
17,3,13,35,26
17,3,13,39,4
17,3,13,46,7
17,3,14,20,
17,3,14,27,7
17,3,14,36,9
17,3,14,48,12
17,3,14,49,1
17,3,14,50,1
17,3,14,55,5
17,3,14,58,3
17,3,15,1,
17,3,15,6,5
17,3,15,10,4
17,3,15,21,11
17,3,15,33,12
17,3,15,42,9
17,3,15,56,14
17,3,16,3,
17,3,16,8,5
17,3,16,31,23
17,3,16,40,9
17,3,16,41,1
17,3,16,46,5
17,3,16,59,13
17,3,16,60,1
17,4,1,5,
17,4,1,13,8
17,4,1,22,9
17,4,1,23,1
17,4,1,32,9
17,4,1,36,4
17,4,1,53,17
17,4,2,5,
17,4,2,40,35
17,4,2,43,3
17,4,3,29,
17,4,3,58,29
17,4,3,59,1
17,4,4,3,
17,4,4,10,7
17,4,4,11,1
17,4,4,30,19
17,4,4,34,4
17,4,4,49,15
17,4,4,52,3
17,4,5,28,
17,4,5,31,3
17,4,5,37,6
17,4,5,38,1
17,4,5,54,16
17,4,5,57,3
17,4,6,2,
17,4,6,4,2
17,4,6,6,2
17,4,6,20,14
17,4,6,38,18
17,4,6,40,2
17,4,6,43,3
17,4,6,45,2
17,4,6,47,2
17,4,6,50,3
17,4,7,2,
17,4,7,4,2
17,4,7,14,10
17,4,7,21,7
17,4,7,31,10
17,4,7,40,9
17,4,7,41,1
17,4,7,55,14
17,4,7,57,2
17,4,7,60,3
17,4,8,2,
17,4,8,4,2
17,4,8,14,10
17,4,8,17,3
17,4,8,37,20
17,4,8,40,3
17,4,9,6,
17,4,9,13,7
17,4,9,40,27
17,4,9,50,10
17,4,10,12,
17,4,10,15,3
17,4,10,35,20
17,4,10,50,15
17,4,11,1,
17,4,11,48,47
17,4,11,56,8
17,4,12,30,
17,4,12,32,2
17,4,12,34,2
17,4,12,50,16
17,4,12,52,2
17,4,13,45,
17,4,13,49,4
17,4,13,54,5
17,4,14,11,
17,4,14,25,14
17,4,14,37,12
17,4,14,39,2
17,4,14,54,15
17,4,14,55,1
17,4,14,59,4
17,4,15,18,
17,4,15,20,2
17,4,15,23,3
17,4,15,37,14
17,4,15,38,1
17,4,15,43,5
17,4,15,58,15
17,4,16,2,
17,4,16,10,8
17,4,16,12,2
17,4,16,25,13
17,4,16,31,6
17,4,16,33,2
17,4,16,36,3
17,4,16,53,17
18,1,1,15,
18,1,1,20,5
18,1,1,25,5
18,1,1,51,26
18,1,1,54,3
18,1,2,20,
18,1,2,26,6
18,1,2,37,11
18,1,2,39,2
18,1,2,45,6
18,1,3,8,
18,1,3,14,6
18,1,3,42,28
18,1,4,23,
18,1,4,27,4
18,1,4,36,9
18,1,4,43,7
18,1,5,11,
18,1,5,33,22
18,1,5,35,2
18,1,6,4,
18,1,6,48,44
18,1,7,3,
18,1,7,11,8
18,1,7,30,19
18,1,7,45,15
18,1,7,56,11
18,1,8,4,
18,1,8,8,4
18,1,8,24,16
18,1,9,7,
18,1,9,21,14
18,1,9,47,26
18,1,9,52,5
18,1,9,54,2
18,1,9,60,6
18,1,10,11,
18,1,10,16,5
18,1,10,17,1
18,1,10,27,10
18,1,10,32,5
18,1,10,35,3
18,1,10,47,12
18,1,11,22,
18,1,11,29,7
18,1,11,30,1
18,1,11,32,2
18,1,11,40,8
18,1,11,57,17
18,1,12,2,
18,1,12,3,1
18,1,12,5,2
18,1,12,6,1
18,1,12,20,14
18,1,12,47,27
18,1,12,48,1
18,1,12,49,1
18,1,12,55,6
18,1,13,12,
18,1,13,14,2
18,1,13,28,14
18,1,13,35,7
18,1,13,59,24
18,1,14,1,
18,1,14,4,3
18,1,14,14,10
18,1,14,19,5
18,1,14,22,3
18,1,14,31,9
18,1,14,34,3
18,1,14,35,1
18,1,14,43,8
18,1,15,11,
18,1,15,12,1
18,1,15,28,16
18,1,15,31,3
18,1,15,47,16
18,1,16,43,
18,1,16,45,2
18,1,16,52,7
18,1,16,54,2
18,1,16,58,4
18,2,1,29,
18,2,1,38,9
18,2,1,41,3
18,2,1,45,4
18,2,2,5,
18,2,2,7,2
18,2,2,13,6
18,2,2,20,7
18,2,2,38,18
18,2,2,40,2
18,2,2,60,20
18,2,3,2,
18,2,3,18,16
18,2,3,43,25
18,2,3,50,7
18,2,3,60,10
18,2,4,2,
18,2,4,17,15
18,2,4,36,19
18,2,4,46,10
18,2,4,47,1
18,2,4,52,5
18,2,4,55,3
18,2,4,60,5
18,2,5,1,
18,2,5,24,23
18,2,5,29,5
18,2,5,33,4
18,2,5,57,24
18,2,5,58,1
18,2,6,1,
18,2,6,10,9
18,2,6,18,8
18,2,6,35,17
18,2,6,39,4
18,2,6,46,7
18,2,6,47,1
18,2,6,50,3
18,2,6,57,7
18,2,7,2,
18,2,7,7,5
18,2,7,13,6
18,2,7,20,7
18,2,7,25,5
18,2,7,32,7
18,2,7,33,1
18,2,7,44,11
18,2,7,47,3
18,2,7,57,10
18,2,8,3,
18,2,8,21,18
18,2,8,24,3
18,2,8,27,3
18,2,8,39,12
18,2,8,49,10
18,2,8,53,4
18,2,8,55,2
18,2,8,59,4
18,2,9,24,
18,2,9,34,10
18,2,9,49,15
18,2,9,51,2
18,2,10,14,
18,2,10,18,4
18,2,10,31,13
18,2,10,34,3
18,2,11,26,
18,2,11,29,3
18,2,11,30,1
18,2,11,35,5
18,2,11,37,2
18,2,11,38,1
18,2,11,41,3
18,2,12,19,
18,2,12,25,6
18,2,12,56,31
18,2,12,58,2
18,2,13,33,
18,2,13,46,13
18,2,14,3,
18,2,14,8,5
18,2,14,29,21
18,2,14,45,16
18,2,15,2,
18,2,15,3,1
18,2,15,11,8
18,2,15,12,1
18,2,15,14,2
18,2,15,22,8
18,2,15,26,4
18,2,15,28,2
18,2,15,31,3
18,2,16,1,
18,2,16,14,13
18,2,16,23,9
18,2,16,27,4
18,2,16,36,9
18,2,16,41,5
18,2,16,49,8
18,3,1,6,
18,3,1,20,14
18,3,1,25,5
18,3,1,49,24
18,3,1,50,1
18,3,1,55,5
18,3,1,56,1
18,3,2,4,
18,3,2,19,15
18,3,2,24,5
18,3,2,31,7
18,3,2,32,1
18,3,2,37,5
18,3,2,40,3
18,3,3,7,
18,3,3,12,5
18,3,3,16,4
18,3,3,19,3
18,3,3,27,8
18,3,3,29,2
18,3,3,31,2
18,3,3,38,7
18,3,3,40,2
18,3,3,44,4
18,3,4,1,
18,3,4,4,3
18,3,4,39,35
18,3,4,44,5
18,3,4,60,16
18,3,5,34,
18,3,5,41,7
18,3,5,60,19
18,3,6,4,
18,3,6,5,1
18,3,6,13,8
18,3,6,15,2
18,3,6,20,5
18,3,6,57,37
18,3,7,27,
18,3,7,28,1
18,3,7,41,13
18,3,7,55,14
18,3,7,60,5
18,3,8,14,
18,3,8,16,2
18,3,8,23,7
18,3,8,40,17
18,3,8,55,15
18,3,9,6,
18,3,9,9,3
18,3,9,10,1
18,3,9,35,25
18,3,10,1,
18,3,10,9,8
18,3,10,14,5
18,3,10,22,8
18,3,10,45,23
18,3,11,30,
18,3,11,45,15
18,3,12,10,
18,3,12,11,1
18,3,12,18,7
18,3,12,19,1
18,3,12,20,1
18,3,12,22,2
18,3,12,47,25
18,3,12,51,4
18,3,12,56,5
18,3,14,6,
18,3,14,9,3
18,3,14,27,18
18,3,14,50,23
18,3,15,1,
18,3,15,24,23
18,3,15,36,12
18,3,15,46,10
18,3,15,49,3
18,3,15,60,11
18,3,16,13,
18,3,16,18,5
18,3,16,26,8
18,3,16,27,1
18,3,16,28,1
18,3,16,30,2
18,3,16,60,30
18,4,1,20,
18,4,1,35,15
18,4,1,46,11
18,4,1,50,4
18,4,2,6,
18,4,2,9,3
18,4,2,30,21
18,4,3,8,
18,4,3,53,45
18,4,3,54,1
18,4,3,55,1
18,4,4,9,
18,4,4,22,13
18,4,4,26,4
18,4,4,33,7
18,4,4,45,12
18,4,4,50,5
18,4,4,58,8
18,4,5,2,
18,4,5,7,5
18,4,5,14,7
18,4,5,15,1
18,4,5,17,2
18,4,5,24,7
18,4,5,30,6
18,4,5,39,9
18,4,5,49,10
18,4,6,1,
18,4,6,14,13
18,4,6,19,5
18,4,6,33,14
18,4,6,38,5
18,4,6,49,11
18,4,6,50,1
18,4,7,14,
18,4,7,54,40
18,4,7,59,5
18,4,8,20,
18,4,8,21,1
18,4,8,23,2
18,4,8,26,3
18,4,8,30,4
18,4,8,43,13
18,4,8,58,15
18,4,9,7,
18,4,9,10,3
18,4,9,13,3
18,4,9,17,4
18,4,9,23,6
18,4,9,36,13
18,4,9,42,6
18,4,9,43,1
18,4,9,53,10
18,4,9,56,3
18,4,9,58,2
18,4,10,22,
18,4,10,24,2
18,4,10,26,2
18,4,10,28,2
18,4,10,49,21
18,4,11,17,
18,4,11,20,3
18,4,11,28,8
18,4,11,34,6
18,4,11,48,14
18,4,11,55,7
18,4,11,58,3
18,4,12,19,
18,4,12,29,10
18,4,12,30,1
18,4,12,37,7
18,4,12,39,2
18,4,12,56,17
18,4,13,14,
18,4,13,15,1
18,4,13,16,1
18,4,13,30,14
18,4,13,44,14
18,4,13,56,12
18,4,14,2,
18,4,14,3,1
18,4,14,11,8
18,4,14,15,4
18,4,14,26,11
18,4,14,27,1
18,4,14,37,10
18,4,14,39,2
18,4,14,41,2
18,4,15,7,
18,4,15,8,1
18,4,15,9,1
18,4,15,38,29
18,4,15,51,13
18,4,16,8,
18,4,16,16,8
18,4,16,18,2
19,1,1,12,
19,1,1,29,17
19,1,1,30,1
19,1,1,46,16
19,1,2,6,
19,1,2,9,3
19,1,2,24,15
19,1,2,45,21
19,1,3,29,
19,1,3,41,12
19,1,3,55,14
19,1,3,59,4
19,1,4,17,
19,1,4,22,5
19,1,5,25,
19,1,5,31,6
19,1,5,48,17
19,1,6,16,
19,1,6,32,16
19,1,6,39,7
19,1,6,56,17
19,1,6,59,3
19,1,6,60,1
19,1,7,11,
19,1,7,14,3
19,1,7,17,3
19,1,7,36,19
19,1,7,46,10
19,1,7,51,5
19,1,8,8,
19,1,8,16,8
19,1,8,20,4
19,1,8,31,11
19,1,8,59,28
19,1,9,3,
19,1,9,7,4
19,1,9,28,21
19,1,9,52,24
19,1,9,60,8
19,1,10,27,
19,1,11,10,
19,1,11,20,10
19,1,11,26,6
19,1,11,38,12
19,1,11,41,3
19,1,11,42,1
19,1,11,43,1
19,1,11,53,10
19,1,11,57,4
19,1,12,31,
19,1,12,59,28
19,1,13,8,
19,1,13,17,9
19,1,13,19,2
19,1,13,25,6
19,1,13,42,17
19,1,13,53,11
19,1,14,6,
19,1,14,24,18
19,1,14,29,5
19,1,14,42,13
19,1,14,57,15
19,1,15,6,
19,1,15,11,5
19,1,15,30,19
19,1,15,43,13
19,1,15,51,8
19,1,16,11,
19,1,16,40,29
19,1,16,51,11
19,1,16,54,3
19,2,1,13,
19,2,1,33,20
19,2,1,52,19
19,2,2,21,
19,2,2,29,8
19,2,2,53,24
19,2,2,54,1
19,2,3,1,
19,2,3,44,43
19,2,4,18,
19,2,4,22,4
19,2,4,23,1
19,2,4,30,7
19,2,4,33,3
19,2,4,56,23
19,2,4,57,1
19,2,4,58,1
19,2,5,4,
19,2,5,8,4
19,2,5,9,1
19,2,5,20,11
19,2,5,21,1
19,2,5,38,17
19,2,5,46,8
19,2,5,48,2
19,2,5,57,9
19,2,6,19,
19,2,6,22,3
19,2,6,45,23
19,2,7,12,
19,2,7,15,3
19,2,7,23,8
19,2,7,35,12
19,2,7,39,4
19,2,7,46,7
19,2,7,58,12
19,2,8,2,
19,2,8,15,13
19,2,8,16,1
19,2,8,19,3
19,2,8,24,5
19,2,8,25,1
19,2,8,52,27
19,2,9,8,
19,2,9,18,10
19,2,9,47,29
19,2,9,48,1
19,2,9,53,5
19,2,9,60,7
19,2,10,2,
19,2,10,17,15
19,2,10,19,2
19,2,10,28,9
19,2,10,30,2
19,2,10,44,14
19,2,10,51,7
19,2,11,14,
19,2,11,30,16
19,2,11,35,5
19,2,11,36,1
19,2,11,43,7
19,2,11,60,17
19,2,12,4,
19,2,12,6,2
19,2,12,16,10
19,2,12,20,4
19,2,12,21,1
19,2,12,58,37
19,2,13,6,
19,2,13,24,18
19,2,13,31,7
19,2,13,39,8
19,2,14,12,
19,2,14,18,6
19,2,14,38,20
19,2,14,55,17
19,2,14,57,2
19,2,15,20,
19,2,15,29,9
19,2,15,33,4
19,2,16,3,
19,2,16,13,10
19,2,16,21,8
19,2,16,22,1
19,2,16,49,27
19,2,16,50,1
19,2,16,53,3
19,3,1,1,
19,3,1,15,14
19,3,1,28,13
19,3,1,31,3
19,3,1,56,25
19,3,2,1,
19,3,2,14,13
19,3,2,54,40
19,3,2,59,5
19,3,3,15,
19,3,3,17,2
19,3,3,22,5
19,3,3,28,6
19,3,3,33,5
19,3,3,43,10
19,3,3,52,9
19,3,3,59,7
19,3,4,36,
19,3,4,43,7
19,3,4,57,14
19,3,5,3,
19,3,5,4,1
19,3,5,11,7
19,3,5,12,1
19,3,5,13,1
19,3,5,15,2
19,3,5,20,5
19,3,5,32,12
19,3,5,47,15
19,3,5,50,3
19,3,5,53,3
19,3,5,54,1
19,3,6,4,
19,3,6,15,11
19,3,6,23,8
19,3,6,26,3
19,3,6,28,2
19,3,7,2,
19,3,7,14,12
19,3,7,24,10
19,3,7,25,1
19,3,7,37,12
19,3,7,39,2
19,3,7,46,7
19,3,8,8,
19,3,8,11,3
19,3,8,24,13
19,3,8,32,8
19,3,8,38,6
19,3,8,42,4
19,3,8,48,6
19,3,9,5,
19,3,9,8,3
19,3,9,35,27
19,3,9,46,11
19,3,9,55,9
19,3,10,2,
19,3,10,8,6
19,3,10,17,9
19,3,10,20,3
19,3,10,26,6
19,3,10,50,24
19,3,11,1,
19,3,11,40,39
19,3,12,6,
19,3,12,9,3
19,3,12,13,4
19,3,12,14,1
19,3,12,18,4
19,3,12,22,4
19,3,12,33,11
19,3,12,48,15
19,3,13,5,
19,3,13,21,16
19,3,13,22,1
19,3,13,25,3
19,3,13,34,9
19,3,13,36,2
19,3,14,3,
19,3,14,18,15
19,3,14,20,2
19,3,14,42,22
19,3,15,2,
19,3,16,27,
19,3,16,29,2
19,3,16,46,17
19,3,16,50,4
19,3,16,52,2
19,3,16,55,3
19,3,16,57,2
19,4,1,12,
19,4,1,24,12
19,4,1,27,3
19,4,1,30,3
19,4,1,41,11
19,4,1,52,11
19,4,2,5,
19,4,2,16,11
19,4,2,17,1
19,4,2,19,2
19,4,2,34,15
19,4,2,56,22
19,4,3,6,
19,4,3,22,16
19,4,3,24,2
19,4,3,37,13
19,4,3,42,5
19,4,3,55,13
19,4,4,4,
19,4,4,30,26
19,4,4,32,2
19,4,4,34,2
19,4,4,38,4
19,4,4,44,6
19,4,4,49,5
19,4,4,50,1
19,4,5,14,
19,4,5,16,2
19,4,5,39,23
19,4,5,50,11
19,4,5,51,1
19,4,5,57,6
19,4,6,8,
19,4,6,14,6
19,4,6,26,12
19,4,6,27,1
19,4,6,42,15
19,4,6,46,4
19,4,7,9,
19,4,7,26,17
19,4,7,31,5
19,4,7,33,2
19,4,7,38,5
19,4,7,58,20
19,4,8,4,
19,4,8,6,2
19,4,8,16,10
19,4,8,21,5
19,4,8,26,5
19,4,8,39,13
19,4,8,40,1
19,4,8,51,11
19,4,8,56,5
19,4,8,60,4
19,4,9,8,
19,4,9,15,7
19,4,9,31,16
19,4,9,46,15
19,4,9,52,6
19,4,9,59,7
19,4,10,3,
19,4,10,36,33
19,4,10,50,14
19,4,10,52,2
19,4,11,1,
19,4,11,4,3
19,4,11,9,5
19,4,11,60,51
19,4,12,5,
19,4,12,8,3
19,4,12,15,7
19,4,12,16,1
19,4,12,19,3
19,4,12,20,1
19,4,12,30,10
19,4,13,4,
19,4,13,19,15
19,4,13,23,4
19,4,13,46,23
19,4,13,51,5
19,4,13,54,3
19,4,13,56,2
19,4,13,57,1
19,4,14,5,
19,4,14,10,5
19,4,14,27,17
19,4,14,48,21
19,4,15,1,
19,4,15,8,7
19,4,15,9,1
19,4,15,14,5
19,4,15,31,17
19,4,15,44,13
19,4,16,17,
19,4,16,24,7
19,4,16,25,1
19,4,16,30,5
19,4,16,36,6
19,4,16,44,8
20,1,1,16,
20,1,1,21,5
20,1,1,39,18
20,1,1,42,3
20,1,1,57,15
20,1,2,1,
20,1,2,2,1
20,1,2,9,7
20,1,2,27,18
20,1,2,43,16
20,1,2,49,6
20,1,2,50,1
20,1,2,60,10
20,1,3,4,
20,1,3,6,2
20,1,3,9,3
20,1,3,58,49
20,1,4,30,
20,1,4,40,10
20,1,4,41,1
20,1,4,43,2
20,1,4,53,10
20,1,5,37,
20,1,5,50,13
20,1,5,59,9
20,1,6,4,
20,1,6,9,5
20,1,6,10,1
20,1,6,12,2
20,1,6,22,10
20,1,6,25,3
20,1,6,28,3
20,1,6,37,9
20,1,7,11,
20,1,7,16,5
20,1,7,35,19
20,1,7,60,25
20,1,8,2,
20,1,8,15,13
20,1,8,29,14
20,1,8,40,11
20,1,8,45,5
20,1,8,50,5
20,1,8,51,1
20,1,8,59,8
20,1,9,2,
20,1,9,10,8
20,1,9,23,13
20,1,9,34,11
20,1,10,5,
20,1,10,20,15
20,1,10,23,3
20,1,10,37,14
20,1,10,43,6
20,1,10,47,4
20,1,10,52,5
20,1,11,19,
20,1,11,26,7
20,1,11,40,14
20,1,11,49,9
20,1,11,60,11
20,1,12,5,
20,1,12,6,1
20,1,12,19,13
20,1,12,20,1
20,1,12,38,18
20,1,12,46,8
20,1,12,49,3
20,1,12,56,7
20,1,13,10,
20,1,13,13,3
20,1,13,26,13
20,1,13,27,1
20,1,13,35,8
20,1,13,44,9
20,1,13,52,8
20,1,14,7,
20,1,14,10,3
20,1,14,16,6
20,1,14,21,5
20,1,14,25,4
20,1,14,36,11
20,1,14,52,16
20,1,15,22,
20,1,15,23,1
20,1,15,25,2
20,1,15,26,1
20,1,15,27,1
20,1,15,37,10
20,1,15,40,3
20,1,15,53,13
20,1,16,2,
20,1,16,6,4
20,1,16,21,15
20,1,16,31,10
20,1,16,33,2
20,2,1,18,
20,2,1,31,13
20,2,1,40,9
20,2,1,45,5
20,2,1,48,3
20,2,2,4,
20,2,2,39,35
20,2,2,40,1
20,2,2,41,1
20,2,2,46,5
20,2,2,49,3
20,2,3,3,
20,2,3,10,7
20,2,3,20,10
20,2,3,27,7
20,2,3,31,4
20,2,3,51,20
20,2,3,58,7
20,2,4,13,
20,2,4,32,19
20,2,4,48,16
20,2,4,49,1
20,2,4,50,1
20,2,5,11,
20,2,5,21,10
20,2,5,22,1
20,2,5,33,11
20,2,5,34,1
20,2,5,47,13
20,2,5,52,5
20,2,5,54,2
20,2,6,3,
20,2,6,26,23
20,2,6,40,14
20,2,6,43,3
20,2,6,56,13
20,2,7,6,
20,2,7,10,4
20,2,7,24,14
20,2,7,33,9
20,2,7,57,24
20,2,8,16,
20,2,8,34,18
20,2,8,46,12
20,2,8,53,7
20,2,9,6,
20,2,9,16,10
20,2,9,26,10
20,2,9,40,14
20,2,9,49,9
20,2,9,51,2
20,2,9,52,1
20,2,10,1,
20,2,10,2,1
20,2,10,3,1
20,2,10,4,1
20,2,10,22,18
20,2,10,44,22
20,2,11,11,
20,2,11,17,6
20,2,11,40,23
20,2,11,41,1
20,2,11,44,3
20,2,11,45,1
20,2,12,25,
20,2,12,26,1
20,2,12,28,2
20,2,12,31,3
20,2,12,32,1
20,2,12,37,5
20,2,12,39,2
20,2,12,41,2
20,2,13,3,
20,2,13,10,7
20,2,13,21,11
20,2,13,22,1
20,2,13,24,2
20,2,13,25,1
20,2,13,33,8
20,2,13,38,5
20,2,13,54,16
20,2,14,14,
20,2,14,15,1
20,2,14,21,6
20,2,14,24,3
20,2,14,29,5
20,2,14,31,2
20,2,14,38,7
20,2,14,50,12
20,2,14,51,1
20,2,15,5,
20,2,15,9,4
20,2,15,14,5
20,2,15,25,11
20,2,15,33,8
20,2,15,35,2
20,2,15,38,3
20,2,15,49,11
20,2,15,54,5
20,2,16,1,
20,2,16,9,8
20,2,16,14,5
20,2,16,29,15
20,2,16,43,14
20,3,1,24,
20,3,1,41,17
20,3,1,55,14
20,3,1,59,4
20,3,2,8,
20,3,2,20,12
20,3,2,24,4
20,3,2,53,29
20,3,2,56,3
20,3,3,8,
20,3,3,18,10
20,3,3,26,8
20,3,3,40,14
20,3,4,3,
20,3,4,6,3
20,3,4,14,8
20,3,4,23,9
20,3,4,38,15
20,3,4,40,2
20,3,4,55,15
20,3,5,3,
20,3,5,8,5
20,3,5,29,21
20,3,5,34,5
20,3,5,36,2
20,3,5,47,11
20,3,6,13,
20,3,6,27,14
20,3,6,33,6
20,3,6,42,9
20,3,6,49,7
20,3,6,51,2
20,3,7,5,
20,3,7,10,5
20,3,7,16,6
20,3,7,19,3
20,3,7,20,1
20,3,7,32,12
20,3,7,49,17
20,3,8,9,
20,3,8,46,37
20,3,8,51,5
20,3,8,54,3
20,3,9,7,
20,3,9,12,5
20,3,9,42,30
20,3,9,45,3
20,3,9,55,10
20,3,9,59,4
20,3,10,7,
20,3,10,20,13
20,3,10,28,8
20,3,10,34,6
20,3,10,45,11
20,3,10,54,9
20,3,11,13,
20,3,11,26,13
20,3,11,34,8
20,3,11,45,11
20,3,11,48,3
20,3,11,56,8
20,3,12,4,
20,3,12,25,21
20,3,12,35,10
20,3,12,41,6
20,3,12,42,1
20,3,13,14,
20,3,13,16,2
20,3,13,45,29
20,3,13,49,4
20,3,14,10,
20,3,14,28,18
20,3,14,32,4
20,3,14,37,5
20,3,14,43,6
20,3,15,2,
20,3,15,3,1
20,3,15,7,4
20,3,15,29,22
20,3,15,42,13
20,3,15,45,3
20,3,16,10,
20,3,16,22,12
20,3,16,39,17
20,4,1,6,
20,4,1,29,23
20,4,1,30,1
20,4,1,47,17
20,4,1,50,3
20,4,1,58,8
20,4,2,10,
20,4,2,12,2
20,4,2,30,18
20,4,3,7,
20,4,3,12,5
20,4,3,18,6
20,4,3,26,8
20,4,3,37,11
20,4,3,59,22
20,4,4,25,
20,4,4,34,9
20,4,4,50,16
20,4,4,51,1
20,4,5,29,
20,4,5,38,9
20,4,5,52,14
20,4,6,20,
20,4,6,28,8
20,4,6,37,9
20,4,6,45,8
20,4,6,60,15
20,4,7,19,
20,4,7,20,1
20,4,7,27,7
20,4,7,30,3
20,4,7,34,4
20,4,7,43,9
20,4,8,2,
20,4,8,7,5
20,4,8,9,2
20,4,8,32,23
20,4,8,33,1
20,4,8,38,5
20,4,8,39,1
20,4,8,44,5
20,4,9,3,
20,4,9,19,16
20,4,9,26,7
20,4,9,27,1
20,4,9,35,8
20,4,9,41,6
20,4,10,17,
20,4,10,29,12
20,4,10,51,22
20,4,10,53,2
20,4,11,1,
20,4,11,18,17
20,4,11,40,22
20,4,11,42,2
20,4,11,50,8
20,4,11,52,2
20,4,11,60,8
20,4,12,18,
20,4,12,26,8
20,4,12,40,14
20,4,12,45,5
20,4,12,47,2
20,4,12,51,4
20,4,13,7,
20,4,13,30,23
20,4,13,43,13
20,4,14,13,
20,4,14,24,11
20,4,14,39,15
20,4,14,44,5
20,4,14,54,10
20,4,14,59,5
20,4,14,60,1
20,4,15,8,
20,4,15,10,2
20,4,15,17,7
20,4,15,19,2
20,4,15,22,3
20,4,15,36,14
20,4,15,50,14
20,4,15,52,2
20,4,15,53,1
20,4,16,1,
20,4,16,5,4
20,4,16,34,29
